country_iso3,country_name,year,indicator_code,indicator_name,value
QAT,Qatar,2023,EG.ELC.ACCS.ZS,Access to electricity (% of population),100.0
QAT,Qatar,2022,EG.ELC.ACCS.ZS,Access to electricity (% of population),100.0
QAT,Qatar,2021,EG.ELC.ACCS.ZS,Access to electricity (% of population),100.0
QAT,Qatar,2020,EG.ELC.ACCS.ZS,Access to electricity (% of population),100.0
QAT,Qatar,2019,EG.ELC.ACCS.ZS,Access to electricity (% of population),100.0
QAT,Qatar,2018,EG.ELC.ACCS.ZS,Access to electricity (% of population),100.0
QAT,Qatar,2017,EG.ELC.ACCS.ZS,Access to electricity (% of population),100.0
QAT,Qatar,2016,EG.ELC.ACCS.ZS,Access to electricity (% of population),100.0
QAT,Qatar,2015,EG.ELC.ACCS.ZS,Access to electricity (% of population),100.0
QAT,Qatar,2014,EG.ELC.ACCS.ZS,Access to electricity (% of population),100.0
QAT,Qatar,2013,EG.ELC.ACCS.ZS,Access to electricity (% of population),100.0
QAT,Qatar,2012,EG.ELC.ACCS.ZS,Access to electricity (% of population),100.0
QAT,Qatar,2011,EG.ELC.ACCS.ZS,Access to electricity (% of population),100.0
QAT,Qatar,2010,EG.ELC.ACCS.ZS,Access to electricity (% of population),100.0
QAT,Qatar,2009,EG.ELC.ACCS.ZS,Access to electricity (% of population),100.0
QAT,Qatar,2008,EG.ELC.ACCS.ZS,Access to electricity (% of population),100.0
QAT,Qatar,2007,EG.ELC.ACCS.ZS,Access to electricity (% of population),100.0
QAT,Qatar,2006,EG.ELC.ACCS.ZS,Access to electricity (% of population),100.0
QAT,Qatar,2005,EG.ELC.ACCS.ZS,Access to electricity (% of population),100.0
QAT,Qatar,2004,EG.ELC.ACCS.ZS,Access to electricity (% of population),100.0
QAT,Qatar,2003,EG.ELC.ACCS.ZS,Access to electricity (% of population),100.0
QAT,Qatar,2002,EG.ELC.ACCS.ZS,Access to electricity (% of population),100.0
QAT,Qatar,2001,EG.ELC.ACCS.ZS,Access to electricity (% of population),100.0
QAT,Qatar,2000,EG.ELC.ACCS.ZS,Access to electricity (% of population),100.0
QAT,Qatar,2023,EG.ELC.RNEW.ZS,Renewable electricity output (% of total),
QAT,Qatar,2022,EG.ELC.RNEW.ZS,Renewable electricity output (% of total),
QAT,Qatar,2021,EG.ELC.RNEW.ZS,Renewable electricity output (% of total),0.276427644700916
QAT,Qatar,2020,EG.ELC.RNEW.ZS,Renewable electricity output (% of total),0.289800641520159
QAT,Qatar,2019,EG.ELC.RNEW.ZS,Renewable electricity output (% of total),0.252506416426051
QAT,Qatar,2018,EG.ELC.RNEW.ZS,Renewable electricity output (% of total),0.298213391217232
QAT,Qatar,2017,EG.ELC.RNEW.ZS,Renewable electricity output (% of total),0.301422487597137
QAT,Qatar,2016,EG.ELC.RNEW.ZS,Renewable electricity output (% of total),0.309972345002009
QAT,Qatar,2015,EG.ELC.RNEW.ZS,Renewable electricity output (% of total),0.30323622255958
QAT,Qatar,2014,EG.ELC.RNEW.ZS,Renewable electricity output (% of total),0.279980357696682
QAT,Qatar,2013,EG.ELC.RNEW.ZS,Renewable electricity output (% of total),0.231423791392639
QAT,Qatar,2012,EG.ELC.RNEW.ZS,Renewable electricity output (% of total),0.0305573921292437
QAT,Qatar,2011,EG.ELC.RNEW.ZS,Renewable electricity output (% of total),0.0345916042954767
QAT,Qatar,2010,EG.ELC.RNEW.ZS,Renewable electricity output (% of total),0.0
QAT,Qatar,2009,EG.ELC.RNEW.ZS,Renewable electricity output (% of total),0.0
QAT,Qatar,2008,EG.ELC.RNEW.ZS,Renewable electricity output (% of total),0.0
QAT,Qatar,2007,EG.ELC.RNEW.ZS,Renewable electricity output (% of total),0.0
QAT,Qatar,2006,EG.ELC.RNEW.ZS,Renewable electricity output (% of total),0.0
QAT,Qatar,2005,EG.ELC.RNEW.ZS,Renewable electricity output (% of total),0.0
QAT,Qatar,2004,EG.ELC.RNEW.ZS,Renewable electricity output (% of total),0.0
QAT,Qatar,2003,EG.ELC.RNEW.ZS,Renewable electricity output (% of total),0.0
QAT,Qatar,2002,EG.ELC.RNEW.ZS,Renewable electricity output (% of total),0.0
QAT,Qatar,2001,EG.ELC.RNEW.ZS,Renewable electricity output (% of total),0.0
QAT,Qatar,2000,EG.ELC.RNEW.ZS,Renewable electricity output (% of total),0.0
QAT,Qatar,2023,EN.GHG.CO2.PC.CE.AR5,CO2 emissions excluding LULUCF per capita (t CO2e/capita),48.6426368357008
QAT,Qatar,2022,EN.GHG.CO2.PC.CE.AR5,CO2 emissions excluding LULUCF per capita (t CO2e/capita),45.1959539884538
QAT,Qatar,2021,EN.GHG.CO2.PC.CE.AR5,CO2 emissions excluding LULUCF per capita (t CO2e/capita),47.2839742745248
QAT,Qatar,2020,EN.GHG.CO2.PC.CE.AR5,CO2 emissions excluding LULUCF per capita (t CO2e/capita),41.2780926421936
QAT,Qatar,2019,EN.GHG.CO2.PC.CE.AR5,CO2 emissions excluding LULUCF per capita (t CO2e/capita),44.592192164423
QAT,Qatar,2018,EN.GHG.CO2.PC.CE.AR5,CO2 emissions excluding LULUCF per capita (t CO2e/capita),44.520899868022
QAT,Qatar,2017,EN.GHG.CO2.PC.CE.AR5,CO2 emissions excluding LULUCF per capita (t CO2e/capita),44.8208042988114
QAT,Qatar,2016,EN.GHG.CO2.PC.CE.AR5,CO2 emissions excluding LULUCF per capita (t CO2e/capita),46.043357731359
QAT,Qatar,2015,EN.GHG.CO2.PC.CE.AR5,CO2 emissions excluding LULUCF per capita (t CO2e/capita),48.6591283555913
QAT,Qatar,2014,EN.GHG.CO2.PC.CE.AR5,CO2 emissions excluding LULUCF per capita (t CO2e/capita),51.4766852020105
QAT,Qatar,2013,EN.GHG.CO2.PC.CE.AR5,CO2 emissions excluding LULUCF per capita (t CO2e/capita),53.2936831372565
QAT,Qatar,2012,EN.GHG.CO2.PC.CE.AR5,CO2 emissions excluding LULUCF per capita (t CO2e/capita),53.5992587251326
QAT,Qatar,2011,EN.GHG.CO2.PC.CE.AR5,CO2 emissions excluding LULUCF per capita (t CO2e/capita),51.1981146765586
QAT,Qatar,2010,EN.GHG.CO2.PC.CE.AR5,CO2 emissions excluding LULUCF per capita (t CO2e/capita),44.6630200292918
QAT,Qatar,2009,EN.GHG.CO2.PC.CE.AR5,CO2 emissions excluding LULUCF per capita (t CO2e/capita),39.7629937914219
QAT,Qatar,2008,EN.GHG.CO2.PC.CE.AR5,CO2 emissions excluding LULUCF per capita (t CO2e/capita),43.3504469009866
QAT,Qatar,2007,EN.GHG.CO2.PC.CE.AR5,CO2 emissions excluding LULUCF per capita (t CO2e/capita),46.4568362437376
QAT,Qatar,2006,EN.GHG.CO2.PC.CE.AR5,CO2 emissions excluding LULUCF per capita (t CO2e/capita),50.3550976479985
QAT,Qatar,2005,EN.GHG.CO2.PC.CE.AR5,CO2 emissions excluding LULUCF per capita (t CO2e/capita),52.7739009071877
QAT,Qatar,2004,EN.GHG.CO2.PC.CE.AR5,CO2 emissions excluding LULUCF per capita (t CO2e/capita),53.2363848903188
QAT,Qatar,2003,EN.GHG.CO2.PC.CE.AR5,CO2 emissions excluding LULUCF per capita (t CO2e/capita),51.3901235695236
QAT,Qatar,2002,EN.GHG.CO2.PC.CE.AR5,CO2 emissions excluding LULUCF per capita (t CO2e/capita),50.8998108843442
QAT,Qatar,2001,EN.GHG.CO2.PC.CE.AR5,CO2 emissions excluding LULUCF per capita (t CO2e/capita),47.8365600914555
QAT,Qatar,2000,EN.GHG.CO2.PC.CE.AR5,CO2 emissions excluding LULUCF per capita (t CO2e/capita),49.2290566195703
USA,United States,2023,EG.ELC.ACCS.ZS,Access to electricity (% of population),100.0
USA,United States,2022,EG.ELC.ACCS.ZS,Access to electricity (% of population),100.0
USA,United States,2021,EG.ELC.ACCS.ZS,Access to electricity (% of population),100.0
USA,United States,2020,EG.ELC.ACCS.ZS,Access to electricity (% of population),100.0
USA,United States,2019,EG.ELC.ACCS.ZS,Access to electricity (% of population),100.0
USA,United States,2018,EG.ELC.ACCS.ZS,Access to electricity (% of population),100.0
USA,United States,2017,EG.ELC.ACCS.ZS,Access to electricity (% of population),100.0
USA,United States,2016,EG.ELC.ACCS.ZS,Access to electricity (% of population),100.0
USA,United States,2015,EG.ELC.ACCS.ZS,Access to electricity (% of population),100.0
USA,United States,2014,EG.ELC.ACCS.ZS,Access to electricity (% of population),100.0
USA,United States,2013,EG.ELC.ACCS.ZS,Access to electricity (% of population),100.0
USA,United States,2012,EG.ELC.ACCS.ZS,Access to electricity (% of population),100.0
USA,United States,2011,EG.ELC.ACCS.ZS,Access to electricity (% of population),100.0
USA,United States,2010,EG.ELC.ACCS.ZS,Access to electricity (% of population),100.0
USA,United States,2009,EG.ELC.ACCS.ZS,Access to electricity (% of population),100.0
USA,United States,2008,EG.ELC.ACCS.ZS,Access to electricity (% of population),100.0
USA,United States,2007,EG.ELC.ACCS.ZS,Access to electricity (% of population),100.0
USA,United States,2006,EG.ELC.ACCS.ZS,Access to electricity (% of population),100.0
USA,United States,2005,EG.ELC.ACCS.ZS,Access to electricity (% of population),100.0
USA,United States,2004,EG.ELC.ACCS.ZS,Access to electricity (% of population),100.0
USA,United States,2003,EG.ELC.ACCS.ZS,Access to electricity (% of population),100.0
USA,United States,2002,EG.ELC.ACCS.ZS,Access to electricity (% of population),100.0
USA,United States,2001,EG.ELC.ACCS.ZS,Access to electricity (% of population),100.0
USA,United States,2000,EG.ELC.ACCS.ZS,Access to electricity (% of population),100.0
USA,United States,2023,EG.ELC.RNEW.ZS,Renewable electricity output (% of total),
USA,United States,2022,EG.ELC.RNEW.ZS,Renewable electricity output (% of total),
USA,United States,2021,EG.ELC.RNEW.ZS,Renewable electricity output (% of total),20.2733089261925
USA,United States,2020,EG.ELC.RNEW.ZS,Renewable electricity output (% of total),19.9166987281584
USA,United States,2019,EG.ELC.RNEW.ZS,Renewable electricity output (% of total),17.938273721697
USA,United States,2018,EG.ELC.RNEW.ZS,Renewable electricity output (% of total),17.1628863424875
USA,United States,2017,EG.ELC.RNEW.ZS,Renewable electricity output (% of total),17.2854220343839
USA,United States,2016,EG.ELC.RNEW.ZS,Renewable electricity output (% of total),15.2594449655463
USA,United States,2015,EG.ELC.RNEW.ZS,Renewable electricity output (% of total),13.6328082889697
USA,United States,2014,EG.ELC.RNEW.ZS,Renewable electricity output (% of total),13.3792940741702
USA,United States,2013,EG.ELC.RNEW.ZS,Renewable electricity output (% of total),13.0285802128985
USA,United States,2012,EG.ELC.RNEW.ZS,Renewable electricity output (% of total),12.4129621083936
USA,United States,2011,EG.ELC.RNEW.ZS,Renewable electricity output (% of total),12.686393699636
USA,United States,2010,EG.ELC.RNEW.ZS,Renewable electricity output (% of total),10.6143983117236
USA,United States,2009,EG.ELC.RNEW.ZS,Renewable electricity output (% of total),10.7806308892929
USA,United States,2008,EG.ELC.RNEW.ZS,Renewable electricity output (% of total),9.5301997751508
USA,United States,2007,EG.ELC.RNEW.ZS,Renewable electricity output (% of total),8.91391202574991
USA,United States,2006,EG.ELC.RNEW.ZS,Renewable electricity output (% of total),9.78948021905534
USA,United States,2005,EG.ELC.RNEW.ZS,Renewable electricity output (% of total),9.12092303221335
USA,United States,2004,EG.ELC.RNEW.ZS,Renewable electricity output (% of total),9.21619811557572
USA,United States,2003,EG.ELC.RNEW.ZS,Renewable electricity output (% of total),9.4946204631135
USA,United States,2002,EG.ELC.RNEW.ZS,Renewable electricity output (% of total),9.20382511502992
USA,United States,2001,EG.ELC.RNEW.ZS,Renewable electricity output (% of total),7.42248933913917
USA,United States,2000,EG.ELC.RNEW.ZS,Renewable electricity output (% of total),8.81261648193646
USA,United States,2023,EN.GHG.CO2.PC.CE.AR5,CO2 emissions excluding LULUCF per capita (t CO2e/capita),13.7140258849034
USA,United States,2022,EN.GHG.CO2.PC.CE.AR5,CO2 emissions excluding LULUCF per capita (t CO2e/capita),14.4186221294233
USA,United States,2021,EN.GHG.CO2.PC.CE.AR5,CO2 emissions excluding LULUCF per capita (t CO2e/capita),14.3160979329351
USA,United States,2020,EN.GHG.CO2.PC.CE.AR5,CO2 emissions excluding LULUCF per capita (t CO2e/capita),13.4715665664099
USA,United States,2019,EN.GHG.CO2.PC.CE.AR5,CO2 emissions excluding LULUCF per capita (t CO2e/capita),15.0439662080505
USA,United States,2018,EN.GHG.CO2.PC.CE.AR5,CO2 emissions excluding LULUCF per capita (t CO2e/capita),15.5796456645972
USA,United States,2017,EN.GHG.CO2.PC.CE.AR5,CO2 emissions excluding LULUCF per capita (t CO2e/capita),15.1847127213968
USA,United States,2016,EN.GHG.CO2.PC.CE.AR5,CO2 emissions excluding LULUCF per capita (t CO2e/capita),15.5045482189269
USA,United States,2015,EN.GHG.CO2.PC.CE.AR5,CO2 emissions excluding LULUCF per capita (t CO2e/capita),15.9501022949136
USA,United States,2014,EN.GHG.CO2.PC.CE.AR5,CO2 emissions excluding LULUCF per capita (t CO2e/capita),16.4248953102317
USA,United States,2013,EN.GHG.CO2.PC.CE.AR5,CO2 emissions excluding LULUCF per capita (t CO2e/capita),16.495975221911
USA,United States,2012,EN.GHG.CO2.PC.CE.AR5,CO2 emissions excluding LULUCF per capita (t CO2e/capita),16.1854221004814
USA,United States,2011,EN.GHG.CO2.PC.CE.AR5,CO2 emissions excluding LULUCF per capita (t CO2e/capita),17.0203888981196
USA,United States,2010,EN.GHG.CO2.PC.CE.AR5,CO2 emissions excluding LULUCF per capita (t CO2e/capita),17.847084306938
USA,United States,2009,EN.GHG.CO2.PC.CE.AR5,CO2 emissions excluding LULUCF per capita (t CO2e/capita),17.1890632001903
USA,United States,2008,EN.GHG.CO2.PC.CE.AR5,CO2 emissions excluding LULUCF per capita (t CO2e/capita),18.7089026291301
USA,United States,2007,EN.GHG.CO2.PC.CE.AR5,CO2 emissions excluding LULUCF per capita (t CO2e/capita),19.4956606869752
USA,United States,2006,EN.GHG.CO2.PC.CE.AR5,CO2 emissions excluding LULUCF per capita (t CO2e/capita),19.4048177077015
USA,United States,2005,EN.GHG.CO2.PC.CE.AR5,CO2 emissions excluding LULUCF per capita (t CO2e/capita),19.9249914215479
USA,United States,2004,EN.GHG.CO2.PC.CE.AR5,CO2 emissions excluding LULUCF per capita (t CO2e/capita),20.0815597947275
USA,United States,2003,EN.GHG.CO2.PC.CE.AR5,CO2 emissions excluding LULUCF per capita (t CO2e/capita),19.9681657791826
USA,United States,2002,EN.GHG.CO2.PC.CE.AR5,CO2 emissions excluding LULUCF per capita (t CO2e/capita),19.9103793387111
USA,United States,2001,EN.GHG.CO2.PC.CE.AR5,CO2 emissions excluding LULUCF per capita (t CO2e/capita),20.6255077855762
USA,United States,2000,EN.GHG.CO2.PC.CE.AR5,CO2 emissions excluding LULUCF per capita (t CO2e/capita),21.0118753202743
GBR,United Kingdom,2023,EG.ELC.ACCS.ZS,Access to electricity (% of population),100.0
GBR,United Kingdom,2022,EG.ELC.ACCS.ZS,Access to electricity (% of population),100.0
GBR,United Kingdom,2021,EG.ELC.ACCS.ZS,Access to electricity (% of population),100.0
GBR,United Kingdom,2020,EG.ELC.ACCS.ZS,Access to electricity (% of population),100.0
GBR,United Kingdom,2019,EG.ELC.ACCS.ZS,Access to electricity (% of population),100.0
GBR,United Kingdom,2018,EG.ELC.ACCS.ZS,Access to electricity (% of population),100.0
GBR,United Kingdom,2017,EG.ELC.ACCS.ZS,Access to electricity (% of population),100.0
GBR,United Kingdom,2016,EG.ELC.ACCS.ZS,Access to electricity (% of population),100.0
GBR,United Kingdom,2015,EG.ELC.ACCS.ZS,Access to electricity (% of population),100.0
GBR,United Kingdom,2014,EG.ELC.ACCS.ZS,Access to electricity (% of population),100.0
GBR,United Kingdom,2013,EG.ELC.ACCS.ZS,Access to electricity (% of population),100.0
GBR,United Kingdom,2012,EG.ELC.ACCS.ZS,Access to electricity (% of population),100.0
GBR,United Kingdom,2011,EG.ELC.ACCS.ZS,Access to electricity (% of population),100.0
GBR,United Kingdom,2010,EG.ELC.ACCS.ZS,Access to electricity (% of population),100.0
GBR,United Kingdom,2009,EG.ELC.ACCS.ZS,Access to electricity (% of population),100.0
GBR,United Kingdom,2008,EG.ELC.ACCS.ZS,Access to electricity (% of population),100.0
GBR,United Kingdom,2007,EG.ELC.ACCS.ZS,Access to electricity (% of population),100.0
GBR,United Kingdom,2006,EG.ELC.ACCS.ZS,Access to electricity (% of population),100.0
GBR,United Kingdom,2005,EG.ELC.ACCS.ZS,Access to electricity (% of population),100.0
GBR,United Kingdom,2004,EG.ELC.ACCS.ZS,Access to electricity (% of population),100.0
GBR,United Kingdom,2003,EG.ELC.ACCS.ZS,Access to electricity (% of population),100.0
GBR,United Kingdom,2002,EG.ELC.ACCS.ZS,Access to electricity (% of population),100.0
GBR,United Kingdom,2001,EG.ELC.ACCS.ZS,Access to electricity (% of population),100.0
GBR,United Kingdom,2000,EG.ELC.ACCS.ZS,Access to electricity (% of population),100.0
GBR,United Kingdom,2023,EG.ELC.RNEW.ZS,Renewable electricity output (% of total),
GBR,United Kingdom,2022,EG.ELC.RNEW.ZS,Renewable electricity output (% of total),
GBR,United Kingdom,2021,EG.ELC.RNEW.ZS,Renewable electricity output (% of total),40.1999760236135
GBR,United Kingdom,2020,EG.ELC.RNEW.ZS,Renewable electricity output (% of total),43.8836758483445
GBR,United Kingdom,2019,EG.ELC.RNEW.ZS,Renewable electricity output (% of total),37.5205246899264
GBR,United Kingdom,2018,EG.ELC.RNEW.ZS,Renewable electricity output (% of total),33.7661243996114
GBR,United Kingdom,2017,EG.ELC.RNEW.ZS,Renewable electricity output (% of total),30.154491759748
GBR,United Kingdom,2016,EG.ELC.RNEW.ZS,Renewable electricity output (% of total),25.4852540875207
GBR,United Kingdom,2015,EG.ELC.RNEW.ZS,Renewable electricity output (% of total),25.4710311062464
GBR,United Kingdom,2014,EG.ELC.RNEW.ZS,Renewable electricity output (% of total),19.9592553440347
GBR,United Kingdom,2013,EG.ELC.RNEW.ZS,Renewable electricity output (% of total),15.6690312872525
GBR,United Kingdom,2012,EG.ELC.RNEW.ZS,Renewable electricity output (% of total),12.1419134027188
GBR,United Kingdom,2011,EG.ELC.RNEW.ZS,Renewable electricity output (% of total),10.3583881637057
GBR,United Kingdom,2010,EG.ELC.RNEW.ZS,Renewable electricity output (% of total),7.66320959272708
GBR,United Kingdom,2009,EG.ELC.RNEW.ZS,Renewable electricity output (% of total),7.78668294365861
GBR,United Kingdom,2008,EG.ELC.RNEW.ZS,Renewable electricity output (% of total),6.77161952616921
GBR,United Kingdom,2007,EG.ELC.RNEW.ZS,Renewable electricity output (% of total),5.93404211889756
GBR,United Kingdom,2006,EG.ELC.RNEW.ZS,Renewable electricity output (% of total),5.52730805825585
GBR,United Kingdom,2005,EG.ELC.RNEW.ZS,Renewable electricity output (% of total),4.98749861932543
GBR,United Kingdom,2004,EG.ELC.RNEW.ZS,Renewable electricity output (% of total),4.26119560223087
GBR,United Kingdom,2003,EG.ELC.RNEW.ZS,Renewable electricity output (% of total),3.35310574136485
GBR,United Kingdom,2002,EG.ELC.RNEW.ZS,Renewable electricity output (% of total),3.55820331262298
GBR,United Kingdom,2001,EG.ELC.RNEW.ZS,Renewable electricity output (% of total),3.1110556694708
GBR,United Kingdom,2000,EG.ELC.RNEW.ZS,Renewable electricity output (% of total),3.35853650127696
GBR,United Kingdom,2023,EN.GHG.CO2.PC.CE.AR5,CO2 emissions excluding LULUCF per capita (t CO2e/capita),4.4477512185156
GBR,United Kingdom,2022,EN.GHG.CO2.PC.CE.AR5,CO2 emissions excluding LULUCF per capita (t CO2e/capita),4.80505795730085
GBR,United Kingdom,2021,EN.GHG.CO2.PC.CE.AR5,CO2 emissions excluding LULUCF per capita (t CO2e/capita),5.04516109767386
GBR,United Kingdom,2020,EN.GHG.CO2.PC.CE.AR5,CO2 emissions excluding LULUCF per capita (t CO2e/capita),4.79017680551393
GBR,United Kingdom,2019,EN.GHG.CO2.PC.CE.AR5,CO2 emissions excluding LULUCF per capita (t CO2e/capita),5.38832172660143
GBR,United Kingdom,2018,EN.GHG.CO2.PC.CE.AR5,CO2 emissions excluding LULUCF per capita (t CO2e/capita),5.64035331211248
GBR,United Kingdom,2017,EN.GHG.CO2.PC.CE.AR5,CO2 emissions excluding LULUCF per capita (t CO2e/capita),5.77150870171609
GBR,United Kingdom,2016,EN.GHG.CO2.PC.CE.AR5,CO2 emissions excluding LULUCF per capita (t CO2e/capita),5.9729506447581
GBR,United Kingdom,2015,EN.GHG.CO2.PC.CE.AR5,CO2 emissions excluding LULUCF per capita (t CO2e/capita),6.38967382119317
GBR,United Kingdom,2014,EN.GHG.CO2.PC.CE.AR5,CO2 emissions excluding LULUCF per capita (t CO2e/capita),6.6645615066776
GBR,United Kingdom,2013,EN.GHG.CO2.PC.CE.AR5,CO2 emissions excluding LULUCF per capita (t CO2e/capita),7.33137453615641
GBR,United Kingdom,2012,EN.GHG.CO2.PC.CE.AR5,CO2 emissions excluding LULUCF per capita (t CO2e/capita),7.55583494216069
GBR,United Kingdom,2011,EN.GHG.CO2.PC.CE.AR5,CO2 emissions excluding LULUCF per capita (t CO2e/capita),7.25917227971883
GBR,United Kingdom,2010,EN.GHG.CO2.PC.CE.AR5,CO2 emissions excluding LULUCF per capita (t CO2e/capita),7.97797355319206
GBR,United Kingdom,2009,EN.GHG.CO2.PC.CE.AR5,CO2 emissions excluding LULUCF per capita (t CO2e/capita),7.76330695463938
GBR,United Kingdom,2008,EN.GHG.CO2.PC.CE.AR5,CO2 emissions excluding LULUCF per capita (t CO2e/capita),8.63835719565399
GBR,United Kingdom,2007,EN.GHG.CO2.PC.CE.AR5,CO2 emissions excluding LULUCF per capita (t CO2e/capita),8.97579081257711
GBR,United Kingdom,2006,EN.GHG.CO2.PC.CE.AR5,CO2 emissions excluding LULUCF per capita (t CO2e/capita),9.20229684969568
GBR,United Kingdom,2005,EN.GHG.CO2.PC.CE.AR5,CO2 emissions excluding LULUCF per capita (t CO2e/capita),9.2634507993102
GBR,United Kingdom,2004,EN.GHG.CO2.PC.CE.AR5,CO2 emissions excluding LULUCF per capita (t CO2e/capita),9.35478076788979
GBR,United Kingdom,2003,EN.GHG.CO2.PC.CE.AR5,CO2 emissions excluding LULUCF per capita (t CO2e/capita),9.40083618149317
GBR,United Kingdom,2002,EN.GHG.CO2.PC.CE.AR5,CO2 emissions excluding LULUCF per capita (t CO2e/capita),9.21604321231769
GBR,United Kingdom,2001,EN.GHG.CO2.PC.CE.AR5,CO2 emissions excluding LULUCF per capita (t CO2e/capita),9.52500193970965
GBR,United Kingdom,2000,EN.GHG.CO2.PC.CE.AR5,CO2 emissions excluding LULUCF per capita (t CO2e/capita),9.37230154582975
DEU,Germany,2023,EG.ELC.ACCS.ZS,Access to electricity (% of population),100.0
DEU,Germany,2022,EG.ELC.ACCS.ZS,Access to electricity (% of population),100.0
DEU,Germany,2021,EG.ELC.ACCS.ZS,Access to electricity (% of population),100.0
DEU,Germany,2020,EG.ELC.ACCS.ZS,Access to electricity (% of population),100.0
DEU,Germany,2019,EG.ELC.ACCS.ZS,Access to electricity (% of population),100.0
DEU,Germany,2018,EG.ELC.ACCS.ZS,Access to electricity (% of population),100.0
DEU,Germany,2017,EG.ELC.ACCS.ZS,Access to electricity (% of population),100.0
DEU,Germany,2016,EG.ELC.ACCS.ZS,Access to electricity (% of population),100.0
DEU,Germany,2015,EG.ELC.ACCS.ZS,Access to electricity (% of population),100.0
DEU,Germany,2014,EG.ELC.ACCS.ZS,Access to electricity (% of population),100.0
DEU,Germany,2013,EG.ELC.ACCS.ZS,Access to electricity (% of population),100.0
DEU,Germany,2012,EG.ELC.ACCS.ZS,Access to electricity (% of population),100.0
DEU,Germany,2011,EG.ELC.ACCS.ZS,Access to electricity (% of population),100.0
DEU,Germany,2010,EG.ELC.ACCS.ZS,Access to electricity (% of population),100.0
DEU,Germany,2009,EG.ELC.ACCS.ZS,Access to electricity (% of population),100.0
DEU,Germany,2008,EG.ELC.ACCS.ZS,Access to electricity (% of population),100.0
DEU,Germany,2007,EG.ELC.ACCS.ZS,Access to electricity (% of population),100.0
DEU,Germany,2006,EG.ELC.ACCS.ZS,Access to electricity (% of population),100.0
DEU,Germany,2005,EG.ELC.ACCS.ZS,Access to electricity (% of population),100.0
DEU,Germany,2004,EG.ELC.ACCS.ZS,Access to electricity (% of population),100.0
DEU,Germany,2003,EG.ELC.ACCS.ZS,Access to electricity (% of population),100.0
DEU,Germany,2002,EG.ELC.ACCS.ZS,Access to electricity (% of population),100.0
DEU,Germany,2001,EG.ELC.ACCS.ZS,Access to electricity (% of population),100.0
DEU,Germany,2000,EG.ELC.ACCS.ZS,Access to electricity (% of population),100.0
DEU,Germany,2023,EG.ELC.RNEW.ZS,Renewable electricity output (% of total),
DEU,Germany,2022,EG.ELC.RNEW.ZS,Renewable electricity output (% of total),
DEU,Germany,2021,EG.ELC.RNEW.ZS,Renewable electricity output (% of total),39.8305665158005
DEU,Germany,2020,EG.ELC.RNEW.ZS,Renewable electricity output (% of total),44.8396245103934
DEU,Germany,2019,EG.ELC.RNEW.ZS,Renewable electricity output (% of total),40.577541904412
DEU,Germany,2018,EG.ELC.RNEW.ZS,Renewable electricity output (% of total),35.6372215317549
DEU,Germany,2017,EG.ELC.RNEW.ZS,Renewable electricity output (% of total),34.0095116739047
DEU,Germany,2016,EG.ELC.RNEW.ZS,Renewable electricity output (% of total),30.0192636163635
DEU,Germany,2015,EG.ELC.RNEW.ZS,Renewable electricity output (% of total),30.0329009777745
DEU,Germany,2014,EG.ELC.RNEW.ZS,Renewable electricity output (% of total),26.8208650442971
DEU,Germany,2013,EG.ELC.RNEW.ZS,Renewable electricity output (% of total),24.7569676577929
DEU,Germany,2012,EG.ELC.RNEW.ZS,Renewable electricity output (% of total),23.7360619053531
DEU,Germany,2011,EG.ELC.RNEW.ZS,Renewable electricity output (% of total),21.1830252657297
DEU,Germany,2010,EG.ELC.RNEW.ZS,Renewable electricity output (% of total),17.6238311852413
DEU,Germany,2009,EG.ELC.RNEW.ZS,Renewable electricity output (% of total),17.0317317412975
DEU,Germany,2008,EG.ELC.RNEW.ZS,Renewable electricity output (% of total),15.6434365062903
DEU,Germany,2007,EG.ELC.RNEW.ZS,Renewable electricity output (% of total),15.0125048335391
DEU,Germany,2006,EG.ELC.RNEW.ZS,Renewable electricity output (% of total),12.3838878699732
DEU,Germany,2005,EG.ELC.RNEW.ZS,Renewable electricity output (% of total),11.2629470690756
DEU,Germany,2004,EG.ELC.RNEW.ZS,Renewable electricity output (% of total),10.3016006303503
DEU,Germany,2003,EG.ELC.RNEW.ZS,Renewable electricity output (% of total),8.41124256470187
DEU,Germany,2002,EG.ELC.RNEW.ZS,Renewable electricity output (% of total),8.38887051853266
DEU,Germany,2001,EG.ELC.RNEW.ZS,Renewable electricity output (% of total),7.23304331811066
DEU,Germany,2000,EG.ELC.RNEW.ZS,Renewable electricity output (% of total),6.88673698232395
DEU,Germany,2023,EN.GHG.CO2.PC.CE.AR5,CO2 emissions excluding LULUCF per capita (t CO2e/capita),7.07982839106762
DEU,Germany,2022,EN.GHG.CO2.PC.CE.AR5,CO2 emissions excluding LULUCF per capita (t CO2e/capita),7.91182860265874
DEU,Germany,2021,EN.GHG.CO2.PC.CE.AR5,CO2 emissions excluding LULUCF per capita (t CO2e/capita),8.06128144646434
DEU,Germany,2020,EN.GHG.CO2.PC.CE.AR5,CO2 emissions excluding LULUCF per capita (t CO2e/capita),7.72103264767393
DEU,Germany,2019,EN.GHG.CO2.PC.CE.AR5,CO2 emissions excluding LULUCF per capita (t CO2e/capita),8.38218043063623
DEU,Germany,2018,EN.GHG.CO2.PC.CE.AR5,CO2 emissions excluding LULUCF per capita (t CO2e/capita),9.00657809367265
DEU,Germany,2017,EN.GHG.CO2.PC.CE.AR5,CO2 emissions excluding LULUCF per capita (t CO2e/capita),9.36976518940283
DEU,Germany,2016,EN.GHG.CO2.PC.CE.AR5,CO2 emissions excluding LULUCF per capita (t CO2e/capita),9.58423383867929
DEU,Germany,2015,EN.GHG.CO2.PC.CE.AR5,CO2 emissions excluding LULUCF per capita (t CO2e/capita),9.60884887243027
DEU,Germany,2014,EN.GHG.CO2.PC.CE.AR5,CO2 emissions excluding LULUCF per capita (t CO2e/capita),9.61630846170469
DEU,Germany,2013,EN.GHG.CO2.PC.CE.AR5,CO2 emissions excluding LULUCF per capita (t CO2e/capita),10.1408601249876
DEU,Germany,2012,EN.GHG.CO2.PC.CE.AR5,CO2 emissions excluding LULUCF per capita (t CO2e/capita),9.94745307113612
DEU,Germany,2011,EN.GHG.CO2.PC.CE.AR5,CO2 emissions excluding LULUCF per capita (t CO2e/capita),9.81776726131477
DEU,Germany,2010,EN.GHG.CO2.PC.CE.AR5,CO2 emissions excluding LULUCF per capita (t CO2e/capita),9.96567124737992
DEU,Germany,2009,EN.GHG.CO2.PC.CE.AR5,CO2 emissions excluding LULUCF per capita (t CO2e/capita),9.37864424258525
DEU,Germany,2008,EN.GHG.CO2.PC.CE.AR5,CO2 emissions excluding LULUCF per capita (t CO2e/capita),10.1072965484379
DEU,Germany,2007,EN.GHG.CO2.PC.CE.AR5,CO2 emissions excluding LULUCF per capita (t CO2e/capita),10.0478127320359
DEU,Germany,2006,EN.GHG.CO2.PC.CE.AR5,CO2 emissions excluding LULUCF per capita (t CO2e/capita),10.3846207212787
DEU,Germany,2005,EN.GHG.CO2.PC.CE.AR5,CO2 emissions excluding LULUCF per capita (t CO2e/capita),10.2067903422435
DEU,Germany,2004,EN.GHG.CO2.PC.CE.AR5,CO2 emissions excluding LULUCF per capita (t CO2e/capita),10.4632650583049
DEU,Germany,2003,EN.GHG.CO2.PC.CE.AR5,CO2 emissions excluding LULUCF per capita (t CO2e/capita),10.6369632865784
DEU,Germany,2002,EN.GHG.CO2.PC.CE.AR5,CO2 emissions excluding LULUCF per capita (t CO2e/capita),10.546202837135
DEU,Germany,2001,EN.GHG.CO2.PC.CE.AR5,CO2 emissions excluding LULUCF per capita (t CO2e/capita),10.7525841705381
DEU,Germany,2000,EN.GHG.CO2.PC.CE.AR5,CO2 emissions excluding LULUCF per capita (t CO2e/capita),10.5993032021746
FRA,France,2023,EG.ELC.ACCS.ZS,Access to electricity (% of population),100.0
FRA,France,2022,EG.ELC.ACCS.ZS,Access to electricity (% of population),100.0
FRA,France,2021,EG.ELC.ACCS.ZS,Access to electricity (% of population),100.0
FRA,France,2020,EG.ELC.ACCS.ZS,Access to electricity (% of population),100.0
FRA,France,2019,EG.ELC.ACCS.ZS,Access to electricity (% of population),100.0
FRA,France,2018,EG.ELC.ACCS.ZS,Access to electricity (% of population),100.0
FRA,France,2017,EG.ELC.ACCS.ZS,Access to electricity (% of population),100.0
FRA,France,2016,EG.ELC.ACCS.ZS,Access to electricity (% of population),100.0
FRA,France,2015,EG.ELC.ACCS.ZS,Access to electricity (% of population),100.0
FRA,France,2014,EG.ELC.ACCS.ZS,Access to electricity (% of population),100.0
FRA,France,2013,EG.ELC.ACCS.ZS,Access to electricity (% of population),100.0
FRA,France,2012,EG.ELC.ACCS.ZS,Access to electricity (% of population),100.0
FRA,France,2011,EG.ELC.ACCS.ZS,Access to electricity (% of population),100.0
FRA,France,2010,EG.ELC.ACCS.ZS,Access to electricity (% of population),100.0
FRA,France,2009,EG.ELC.ACCS.ZS,Access to electricity (% of population),100.0
FRA,France,2008,EG.ELC.ACCS.ZS,Access to electricity (% of population),100.0
FRA,France,2007,EG.ELC.ACCS.ZS,Access to electricity (% of population),100.0
FRA,France,2006,EG.ELC.ACCS.ZS,Access to electricity (% of population),100.0
FRA,France,2005,EG.ELC.ACCS.ZS,Access to electricity (% of population),100.0
FRA,France,2004,EG.ELC.ACCS.ZS,Access to electricity (% of population),100.0
FRA,France,2003,EG.ELC.ACCS.ZS,Access to electricity (% of population),100.0
FRA,France,2002,EG.ELC.ACCS.ZS,Access to electricity (% of population),100.0
FRA,France,2001,EG.ELC.ACCS.ZS,Access to electricity (% of population),100.0
FRA,France,2000,EG.ELC.ACCS.ZS,Access to electricity (% of population),100.0
FRA,France,2023,EG.ELC.RNEW.ZS,Renewable electricity output (% of total),
FRA,France,2022,EG.ELC.RNEW.ZS,Renewable electricity output (% of total),
FRA,France,2021,EG.ELC.RNEW.ZS,Renewable electricity output (% of total),22.8038733642766
FRA,France,2020,EG.ELC.RNEW.ZS,Renewable electricity output (% of total),24.3565688978964
FRA,France,2019,EG.ELC.RNEW.ZS,Renewable electricity output (% of total),20.6287000318508
FRA,France,2018,EG.ELC.RNEW.ZS,Renewable electricity output (% of total),20.4354555869103
FRA,France,2017,EG.ELC.RNEW.ZS,Renewable electricity output (% of total),17.3813942159824
FRA,France,2016,EG.ELC.RNEW.ZS,Renewable electricity output (% of total),18.3954832584027
FRA,France,2015,EG.ELC.RNEW.ZS,Renewable electricity output (% of total),16.6912500883769
FRA,France,2014,EG.ELC.RNEW.ZS,Renewable electricity output (% of total),17.4240636120725
FRA,France,2013,EG.ELC.RNEW.ZS,Renewable electricity output (% of total),17.9490525882191
FRA,France,2012,EG.ELC.RNEW.ZS,Renewable electricity output (% of total),15.7356680451587
FRA,France,2011,EG.ELC.RNEW.ZS,Renewable electricity output (% of total),12.4090462949242
FRA,France,2010,EG.ELC.RNEW.ZS,Renewable electricity output (% of total),14.5810478721629
FRA,France,2009,EG.ELC.RNEW.ZS,Renewable electricity output (% of total),13.9254447917153
FRA,France,2008,EG.ELC.RNEW.ZS,Renewable electricity output (% of total),13.6874971680324
FRA,France,2007,EG.ELC.RNEW.ZS,Renewable electricity output (% of total),12.560092879909
FRA,France,2006,EG.ELC.RNEW.ZS,Renewable electricity output (% of total),11.790103484446
FRA,France,2005,EG.ELC.RNEW.ZS,Renewable electricity output (% of total),10.6198562305034
FRA,France,2004,EG.ELC.RNEW.ZS,Renewable electricity output (% of total),12.0693402873951
FRA,France,2003,EG.ELC.RNEW.ZS,Renewable electricity output (% of total),12.0654455064763
FRA,France,2002,EG.ELC.RNEW.ZS,Renewable electricity output (% of total),12.456687350084
FRA,France,2001,EG.ELC.RNEW.ZS,Renewable electricity output (% of total),14.9187032555093
FRA,France,2000,EG.ELC.RNEW.ZS,Renewable electricity output (% of total),13.7368998099838
FRA,France,2023,EN.GHG.CO2.PC.CE.AR5,CO2 emissions excluding LULUCF per capita (t CO2e/capita),4.15598361008436
FRA,France,2022,EN.GHG.CO2.PC.CE.AR5,CO2 emissions excluding LULUCF per capita (t CO2e/capita),4.51246828877731
FRA,France,2021,EN.GHG.CO2.PC.CE.AR5,CO2 emissions excluding LULUCF per capita (t CO2e/capita),4.66820869200128
FRA,France,2020,EN.GHG.CO2.PC.CE.AR5,CO2 emissions excluding LULUCF per capita (t CO2e/capita),4.24677642127474
FRA,France,2019,EN.GHG.CO2.PC.CE.AR5,CO2 emissions excluding LULUCF per capita (t CO2e/capita),4.79214044818249
FRA,France,2018,EN.GHG.CO2.PC.CE.AR5,CO2 emissions excluding LULUCF per capita (t CO2e/capita),4.89217066506758
FRA,France,2017,EN.GHG.CO2.PC.CE.AR5,CO2 emissions excluding LULUCF per capita (t CO2e/capita),5.06155143263354
FRA,France,2016,EN.GHG.CO2.PC.CE.AR5,CO2 emissions excluding LULUCF per capita (t CO2e/capita),5.01727531627851
FRA,France,2015,EN.GHG.CO2.PC.CE.AR5,CO2 emissions excluding LULUCF per capita (t CO2e/capita),4.99116340691761
FRA,France,2014,EN.GHG.CO2.PC.CE.AR5,CO2 emissions excluding LULUCF per capita (t CO2e/capita),4.93048874498212
FRA,France,2013,EN.GHG.CO2.PC.CE.AR5,CO2 emissions excluding LULUCF per capita (t CO2e/capita),5.45712098979101
FRA,France,2012,EN.GHG.CO2.PC.CE.AR5,CO2 emissions excluding LULUCF per capita (t CO2e/capita),5.55949763606406
FRA,France,2011,EN.GHG.CO2.PC.CE.AR5,CO2 emissions excluding LULUCF per capita (t CO2e/capita),5.56604040689413
FRA,France,2010,EN.GHG.CO2.PC.CE.AR5,CO2 emissions excluding LULUCF per capita (t CO2e/capita),5.80194807906
FRA,France,2009,EN.GHG.CO2.PC.CE.AR5,CO2 emissions excluding LULUCF per capita (t CO2e/capita),5.71717317269645
FRA,France,2008,EN.GHG.CO2.PC.CE.AR5,CO2 emissions excluding LULUCF per capita (t CO2e/capita),5.94290191259616
FRA,France,2007,EN.GHG.CO2.PC.CE.AR5,CO2 emissions excluding LULUCF per capita (t CO2e/capita),6.09003030294036
FRA,France,2006,EN.GHG.CO2.PC.CE.AR5,CO2 emissions excluding LULUCF per capita (t CO2e/capita),6.24021668362979
FRA,France,2005,EN.GHG.CO2.PC.CE.AR5,CO2 emissions excluding LULUCF per capita (t CO2e/capita),6.45391402908229
FRA,France,2004,EN.GHG.CO2.PC.CE.AR5,CO2 emissions excluding LULUCF per capita (t CO2e/capita),6.46668310699496
FRA,France,2003,EN.GHG.CO2.PC.CE.AR5,CO2 emissions excluding LULUCF per capita (t CO2e/capita),6.49767617932604
FRA,France,2002,EN.GHG.CO2.PC.CE.AR5,CO2 emissions excluding LULUCF per capita (t CO2e/capita),6.46436747006761
FRA,France,2001,EN.GHG.CO2.PC.CE.AR5,CO2 emissions excluding LULUCF per capita (t CO2e/capita),6.59967427030181
FRA,France,2000,EN.GHG.CO2.PC.CE.AR5,CO2 emissions excluding LULUCF per capita (t CO2e/capita),6.58034817935345
CHN,China,2023,EG.ELC.ACCS.ZS,Access to electricity (% of population),100.0
CHN,China,2022,EG.ELC.ACCS.ZS,Access to electricity (% of population),100.0
CHN,China,2021,EG.ELC.ACCS.ZS,Access to electricity (% of population),100.0
CHN,China,2020,EG.ELC.ACCS.ZS,Access to electricity (% of population),100.0
CHN,China,2019,EG.ELC.ACCS.ZS,Access to electricity (% of population),100.0
CHN,China,2018,EG.ELC.ACCS.ZS,Access to electricity (% of population),100.0
CHN,China,2017,EG.ELC.ACCS.ZS,Access to electricity (% of population),100.0
CHN,China,2016,EG.ELC.ACCS.ZS,Access to electricity (% of population),100.0
CHN,China,2015,EG.ELC.ACCS.ZS,Access to electricity (% of population),100.0
CHN,China,2014,EG.ELC.ACCS.ZS,Access to electricity (% of population),100.0
CHN,China,2013,EG.ELC.ACCS.ZS,Access to electricity (% of population),100.0
CHN,China,2012,EG.ELC.ACCS.ZS,Access to electricity (% of population),99.9
CHN,China,2011,EG.ELC.ACCS.ZS,Access to electricity (% of population),99.9
CHN,China,2010,EG.ELC.ACCS.ZS,Access to electricity (% of population),99.7
CHN,China,2009,EG.ELC.ACCS.ZS,Access to electricity (% of population),99.1
CHN,China,2008,EG.ELC.ACCS.ZS,Access to electricity (% of population),98.8
CHN,China,2007,EG.ELC.ACCS.ZS,Access to electricity (% of population),98.5
CHN,China,2006,EG.ELC.ACCS.ZS,Access to electricity (% of population),98.2
CHN,China,2005,EG.ELC.ACCS.ZS,Access to electricity (% of population),97.9
CHN,China,2004,EG.ELC.ACCS.ZS,Access to electricity (% of population),97.7
CHN,China,2003,EG.ELC.ACCS.ZS,Access to electricity (% of population),97.4
CHN,China,2002,EG.ELC.ACCS.ZS,Access to electricity (% of population),97.2
CHN,China,2001,EG.ELC.ACCS.ZS,Access to electricity (% of population),97.0
CHN,China,2000,EG.ELC.ACCS.ZS,Access to electricity (% of population),96.7
CHN,China,2023,EG.ELC.RNEW.ZS,Renewable electricity output (% of total),
CHN,China,2022,EG.ELC.RNEW.ZS,Renewable electricity output (% of total),
CHN,China,2021,EG.ELC.RNEW.ZS,Renewable electricity output (% of total),28.427997926748
CHN,China,2020,EG.ELC.RNEW.ZS,Renewable electricity output (% of total),28.111907967469
CHN,China,2019,EG.ELC.RNEW.ZS,Renewable electricity output (% of total),26.8897023697607
CHN,China,2018,EG.ELC.RNEW.ZS,Renewable electricity output (% of total),25.8127409492271
CHN,China,2017,EG.ELC.RNEW.ZS,Renewable electricity output (% of total),25.0386725537724
CHN,China,2016,EG.ELC.RNEW.ZS,Renewable electricity output (% of total),25.0520357144816
CHN,China,2015,EG.ELC.RNEW.ZS,Renewable electricity output (% of total),23.8649488788885
CHN,China,2014,EG.ELC.RNEW.ZS,Renewable electricity output (% of total),22.0557011175979
CHN,China,2013,EG.ELC.RNEW.ZS,Renewable electricity output (% of total),20.1334892653115
CHN,China,2012,EG.ELC.RNEW.ZS,Renewable electricity output (% of total),20.0980373624987
CHN,China,2011,EG.ELC.RNEW.ZS,Renewable electricity output (% of total),16.836073329416
CHN,China,2010,EG.ELC.RNEW.ZS,Renewable electricity output (% of total),18.7929868229344
CHN,China,2009,EG.ELC.RNEW.ZS,Renewable electricity output (% of total),17.8108790138305
CHN,China,2008,EG.ELC.RNEW.ZS,Renewable electricity output (% of total),17.6408195697663
CHN,China,2007,EG.ELC.RNEW.ZS,Renewable electricity output (% of total),15.2657979334449
CHN,China,2006,EG.ELC.RNEW.ZS,Renewable electricity output (% of total),15.5566024437238
CHN,China,2005,EG.ELC.RNEW.ZS,Renewable electricity output (% of total),16.1592699120884
CHN,China,2004,EG.ELC.RNEW.ZS,Renewable electricity output (% of total),16.2232487195383
CHN,China,2003,EG.ELC.RNEW.ZS,Renewable electricity output (% of total),15.0371010412115
CHN,China,2002,EG.ELC.RNEW.ZS,Renewable electricity output (% of total),17.6186164128829
CHN,China,2001,EG.ELC.RNEW.ZS,Renewable electricity output (% of total),18.9581214478014
CHN,China,2000,EG.ELC.RNEW.ZS,Renewable electricity output (% of total),16.6391375029689
CHN,China,2023,EN.GHG.CO2.PC.CE.AR5,CO2 emissions excluding LULUCF per capita (t CO2e/capita),9.23027553501428
CHN,China,2022,EN.GHG.CO2.PC.CE.AR5,CO2 emissions excluding LULUCF per capita (t CO2e/capita),8.86482511020235
CHN,China,2021,EN.GHG.CO2.PC.CE.AR5,CO2 emissions excluding LULUCF per capita (t CO2e/capita),8.88715660313235
CHN,China,2020,EN.GHG.CO2.PC.CE.AR5,CO2 emissions excluding LULUCF per capita (t CO2e/capita),8.47858302033874
CHN,China,2019,EN.GHG.CO2.PC.CE.AR5,CO2 emissions excluding LULUCF per capita (t CO2e/capita),8.39147587098516
CHN,China,2018,EN.GHG.CO2.PC.CE.AR5,CO2 emissions excluding LULUCF per capita (t CO2e/capita),8.2177362485386
CHN,China,2017,EN.GHG.CO2.PC.CE.AR5,CO2 emissions excluding LULUCF per capita (t CO2e/capita),7.87802652170332
CHN,China,2016,EN.GHG.CO2.PC.CE.AR5,CO2 emissions excluding LULUCF per capita (t CO2e/capita),7.76322483949301
CHN,China,2015,EN.GHG.CO2.PC.CE.AR5,CO2 emissions excluding LULUCF per capita (t CO2e/capita),7.79057049265868
CHN,China,2014,EN.GHG.CO2.PC.CE.AR5,CO2 emissions excluding LULUCF per capita (t CO2e/capita),7.93164331637339
CHN,China,2013,EN.GHG.CO2.PC.CE.AR5,CO2 emissions excluding LULUCF per capita (t CO2e/capita),7.89327631231478
CHN,China,2012,EN.GHG.CO2.PC.CE.AR5,CO2 emissions excluding LULUCF per capita (t CO2e/capita),7.58441651466929
CHN,China,2011,EN.GHG.CO2.PC.CE.AR5,CO2 emissions excluding LULUCF per capita (t CO2e/capita),7.40185065816131
CHN,China,2010,EN.GHG.CO2.PC.CE.AR5,CO2 emissions excluding LULUCF per capita (t CO2e/capita),6.80718476794211
CHN,China,2009,EN.GHG.CO2.PC.CE.AR5,CO2 emissions excluding LULUCF per capita (t CO2e/capita),6.24909018523805
CHN,China,2008,EN.GHG.CO2.PC.CE.AR5,CO2 emissions excluding LULUCF per capita (t CO2e/capita),5.85225866357655
CHN,China,2007,EN.GHG.CO2.PC.CE.AR5,CO2 emissions excluding LULUCF per capita (t CO2e/capita),5.7076324565497
CHN,China,2006,EN.GHG.CO2.PC.CE.AR5,CO2 emissions excluding LULUCF per capita (t CO2e/capita),5.28052516361306
CHN,China,2005,EN.GHG.CO2.PC.CE.AR5,CO2 emissions excluding LULUCF per capita (t CO2e/capita),4.78299420120885
CHN,China,2004,EN.GHG.CO2.PC.CE.AR5,CO2 emissions excluding LULUCF per capita (t CO2e/capita),4.24069749050016
CHN,China,2003,EN.GHG.CO2.PC.CE.AR5,CO2 emissions excluding LULUCF per capita (t CO2e/capita),3.70467882645141
CHN,China,2002,EN.GHG.CO2.PC.CE.AR5,CO2 emissions excluding LULUCF per capita (t CO2e/capita),3.22795454545455
CHN,China,2001,EN.GHG.CO2.PC.CE.AR5,CO2 emissions excluding LULUCF per capita (t CO2e/capita),3.00747564571294
CHN,China,2000,EN.GHG.CO2.PC.CE.AR5,CO2 emissions excluding LULUCF per capita (t CO2e/capita),2.88907594771294
IND,India,2023,EG.ELC.ACCS.ZS,Access to electricity (% of population),99.5
IND,India,2022,EG.ELC.ACCS.ZS,Access to electricity (% of population),99.2
IND,India,2021,EG.ELC.ACCS.ZS,Access to electricity (% of population),99.6
IND,India,2020,EG.ELC.ACCS.ZS,Access to electricity (% of population),96.5
IND,India,2019,EG.ELC.ACCS.ZS,Access to electricity (% of population),95.9
IND,India,2018,EG.ELC.ACCS.ZS,Access to electricity (% of population),95.7
IND,India,2017,EG.ELC.ACCS.ZS,Access to electricity (% of population),91.8
IND,India,2016,EG.ELC.ACCS.ZS,Access to electricity (% of population),89.6
IND,India,2015,EG.ELC.ACCS.ZS,Access to electricity (% of population),88.0
IND,India,2014,EG.ELC.ACCS.ZS,Access to electricity (% of population),85.1
IND,India,2013,EG.ELC.ACCS.ZS,Access to electricity (% of population),83.1
IND,India,2012,EG.ELC.ACCS.ZS,Access to electricity (% of population),79.9
IND,India,2011,EG.ELC.ACCS.ZS,Access to electricity (% of population),79.5
IND,India,2010,EG.ELC.ACCS.ZS,Access to electricity (% of population),76.3
IND,India,2009,EG.ELC.ACCS.ZS,Access to electricity (% of population),75.0
IND,India,2008,EG.ELC.ACCS.ZS,Access to electricity (% of population),74.1
IND,India,2007,EG.ELC.ACCS.ZS,Access to electricity (% of population),72.3
IND,India,2006,EG.ELC.ACCS.ZS,Access to electricity (% of population),67.9
IND,India,2005,EG.ELC.ACCS.ZS,Access to electricity (% of population),68.8
IND,India,2004,EG.ELC.ACCS.ZS,Access to electricity (% of population),64.4
IND,India,2003,EG.ELC.ACCS.ZS,Access to electricity (% of population),65.4
IND,India,2002,EG.ELC.ACCS.ZS,Access to electricity (% of population),62.3
IND,India,2001,EG.ELC.ACCS.ZS,Access to electricity (% of population),62.0
IND,India,2000,EG.ELC.ACCS.ZS,Access to electricity (% of population),60.3
IND,India,2023,EG.ELC.RNEW.ZS,Renewable electricity output (% of total),
IND,India,2022,EG.ELC.RNEW.ZS,Renewable electricity output (% of total),
IND,India,2021,EG.ELC.RNEW.ZS,Renewable electricity output (% of total),19.131292447169
IND,India,2020,EG.ELC.RNEW.ZS,Renewable electricity output (% of total),19.7557474948152
IND,India,2019,EG.ELC.RNEW.ZS,Renewable electricity output (% of total),16.8275232132522
IND,India,2018,EG.ELC.RNEW.ZS,Renewable electricity output (% of total),15.0102597827208
IND,India,2017,EG.ELC.RNEW.ZS,Renewable electricity output (% of total),14.1593786090421
IND,India,2016,EG.ELC.RNEW.ZS,Renewable electricity output (% of total),13.5971725653557
IND,India,2015,EG.ELC.RNEW.ZS,Renewable electricity output (% of total),14.8948527456761
IND,India,2014,EG.ELC.RNEW.ZS,Renewable electricity output (% of total),15.8631842012333
IND,India,2013,EG.ELC.RNEW.ZS,Renewable electricity output (% of total),15.2987635527139
IND,India,2012,EG.ELC.RNEW.ZS,Renewable electricity output (% of total),16.2449871875852
IND,India,2011,EG.ELC.RNEW.ZS,Renewable electricity output (% of total),15.306114125047
IND,India,2010,EG.ELC.RNEW.ZS,Renewable electricity output (% of total),14.9419430950586
IND,India,2009,EG.ELC.RNEW.ZS,Renewable electricity output (% of total),15.3504789989236
IND,India,2008,EG.ELC.RNEW.ZS,Renewable electricity output (% of total),17.1072579022733
IND,India,2007,EG.ELC.RNEW.ZS,Renewable electricity output (% of total),16.8958319059597
IND,India,2006,EG.ELC.RNEW.ZS,Renewable electricity output (% of total),15.9724580053981
IND,India,2005,EG.ELC.RNEW.ZS,Renewable electricity output (% of total),14.3659113976406
IND,India,2004,EG.ELC.RNEW.ZS,Renewable electricity output (% of total),12.8708458297682
IND,India,2003,EG.ELC.RNEW.ZS,Renewable electricity output (% of total),11.5191856915079
IND,India,2002,EG.ELC.RNEW.ZS,Renewable electricity output (% of total),12.8005809834912
IND,India,2001,EG.ELC.RNEW.ZS,Renewable electricity output (% of total),13.6197629481384
IND,India,2000,EG.ELC.RNEW.ZS,Renewable electricity output (% of total),14.0401258332442
IND,India,2023,EN.GHG.CO2.PC.CE.AR5,CO2 emissions excluding LULUCF per capita (t CO2e/capita),2.09622858892568
IND,India,2022,EN.GHG.CO2.PC.CE.AR5,CO2 emissions excluding LULUCF per capita (t CO2e/capita),1.96929618962877
IND,India,2021,EN.GHG.CO2.PC.CE.AR5,CO2 emissions excluding LULUCF per capita (t CO2e/capita),1.83702951699406
IND,India,2020,EN.GHG.CO2.PC.CE.AR5,CO2 emissions excluding LULUCF per capita (t CO2e/capita),1.68040016064392
IND,India,2019,EN.GHG.CO2.PC.CE.AR5,CO2 emissions excluding LULUCF per capita (t CO2e/capita),1.83688223212799
IND,India,2018,EN.GHG.CO2.PC.CE.AR5,CO2 emissions excluding LULUCF per capita (t CO2e/capita),1.85989309419052
IND,India,2017,EN.GHG.CO2.PC.CE.AR5,CO2 emissions excluding LULUCF per capita (t CO2e/capita),1.79545339877531
IND,India,2016,EN.GHG.CO2.PC.CE.AR5,CO2 emissions excluding LULUCF per capita (t CO2e/capita),1.7202923565219
IND,India,2015,EN.GHG.CO2.PC.CE.AR5,CO2 emissions excluding LULUCF per capita (t CO2e/capita),1.71550269097521
IND,India,2014,EN.GHG.CO2.PC.CE.AR5,CO2 emissions excluding LULUCF per capita (t CO2e/capita),1.70517686000076
IND,India,2013,EN.GHG.CO2.PC.CE.AR5,CO2 emissions excluding LULUCF per capita (t CO2e/capita),1.59945855716817
IND,India,2012,EN.GHG.CO2.PC.CE.AR5,CO2 emissions excluding LULUCF per capita (t CO2e/capita),1.57607553513255
IND,India,2011,EN.GHG.CO2.PC.CE.AR5,CO2 emissions excluding LULUCF per capita (t CO2e/capita),1.46337391608571
IND,India,2010,EN.GHG.CO2.PC.CE.AR5,CO2 emissions excluding LULUCF per capita (t CO2e/capita),1.39129863287623
IND,India,2009,EN.GHG.CO2.PC.CE.AR5,CO2 emissions excluding LULUCF per capita (t CO2e/capita),1.32284533301467
IND,India,2008,EN.GHG.CO2.PC.CE.AR5,CO2 emissions excluding LULUCF per capita (t CO2e/capita),1.25815998206335
IND,India,2007,EN.GHG.CO2.PC.CE.AR5,CO2 emissions excluding LULUCF per capita (t CO2e/capita),1.18862350046436
IND,India,2006,EN.GHG.CO2.PC.CE.AR5,CO2 emissions excluding LULUCF per capita (t CO2e/capita),1.10810989189174
IND,India,2005,EN.GHG.CO2.PC.CE.AR5,CO2 emissions excluding LULUCF per capita (t CO2e/capita),1.05460489385527
IND,India,2004,EN.GHG.CO2.PC.CE.AR5,CO2 emissions excluding LULUCF per capita (t CO2e/capita),1.02822643182898
IND,India,2003,EN.GHG.CO2.PC.CE.AR5,CO2 emissions excluding LULUCF per capita (t CO2e/capita),0.969744882653011
IND,India,2002,EN.GHG.CO2.PC.CE.AR5,CO2 emissions excluding LULUCF per capita (t CO2e/capita),0.957620477500199
IND,India,2001,EN.GHG.CO2.PC.CE.AR5,CO2 emissions excluding LULUCF per capita (t CO2e/capita),0.939789720011458
IND,India,2000,EN.GHG.CO2.PC.CE.AR5,CO2 emissions excluding LULUCF per capita (t CO2e/capita),0.942309744278839
BRA,Brazil,2023,EG.ELC.ACCS.ZS,Access to electricity (% of population),99.8
BRA,Brazil,2022,EG.ELC.ACCS.ZS,Access to electricity (% of population),100.0
BRA,Brazil,2021,EG.ELC.ACCS.ZS,Access to electricity (% of population),99.5
BRA,Brazil,2020,EG.ELC.ACCS.ZS,Access to electricity (% of population),99.7
BRA,Brazil,2019,EG.ELC.ACCS.ZS,Access to electricity (% of population),99.8
BRA,Brazil,2018,EG.ELC.ACCS.ZS,Access to electricity (% of population),99.7
BRA,Brazil,2017,EG.ELC.ACCS.ZS,Access to electricity (% of population),99.8
BRA,Brazil,2016,EG.ELC.ACCS.ZS,Access to electricity (% of population),99.7
BRA,Brazil,2015,EG.ELC.ACCS.ZS,Access to electricity (% of population),99.7
BRA,Brazil,2014,EG.ELC.ACCS.ZS,Access to electricity (% of population),99.7
BRA,Brazil,2013,EG.ELC.ACCS.ZS,Access to electricity (% of population),99.6
BRA,Brazil,2012,EG.ELC.ACCS.ZS,Access to electricity (% of population),99.5
BRA,Brazil,2011,EG.ELC.ACCS.ZS,Access to electricity (% of population),99.3
BRA,Brazil,2010,EG.ELC.ACCS.ZS,Access to electricity (% of population),98.6
BRA,Brazil,2009,EG.ELC.ACCS.ZS,Access to electricity (% of population),98.9
BRA,Brazil,2008,EG.ELC.ACCS.ZS,Access to electricity (% of population),98.5
BRA,Brazil,2007,EG.ELC.ACCS.ZS,Access to electricity (% of population),98.1
BRA,Brazil,2006,EG.ELC.ACCS.ZS,Access to electricity (% of population),97.6
BRA,Brazil,2005,EG.ELC.ACCS.ZS,Access to electricity (% of population),97.1
BRA,Brazil,2004,EG.ELC.ACCS.ZS,Access to electricity (% of population),96.8
BRA,Brazil,2003,EG.ELC.ACCS.ZS,Access to electricity (% of population),97.0
BRA,Brazil,2002,EG.ELC.ACCS.ZS,Access to electricity (% of population),96.7
BRA,Brazil,2001,EG.ELC.ACCS.ZS,Access to electricity (% of population),96.0
BRA,Brazil,2000,EG.ELC.ACCS.ZS,Access to electricity (% of population),94.4
BRA,Brazil,2023,EG.ELC.RNEW.ZS,Renewable electricity output (% of total),
BRA,Brazil,2022,EG.ELC.RNEW.ZS,Renewable electricity output (% of total),
BRA,Brazil,2021,EG.ELC.RNEW.ZS,Renewable electricity output (% of total),77.3753492178891
BRA,Brazil,2020,EG.ELC.RNEW.ZS,Renewable electricity output (% of total),83.1761424000102
BRA,Brazil,2019,EG.ELC.RNEW.ZS,Renewable electricity output (% of total),81.4302357542747
BRA,Brazil,2018,EG.ELC.RNEW.ZS,Renewable electricity output (% of total),81.5730752318417
BRA,Brazil,2017,EG.ELC.RNEW.ZS,Renewable electricity output (% of total),78.4181545870035
BRA,Brazil,2016,EG.ELC.RNEW.ZS,Renewable electricity output (% of total),79.7128089556938
BRA,Brazil,2015,EG.ELC.RNEW.ZS,Renewable electricity output (% of total),73.5400962658205
BRA,Brazil,2014,EG.ELC.RNEW.ZS,Renewable electricity output (% of total),72.5770927252724
BRA,Brazil,2013,EG.ELC.RNEW.ZS,Renewable electricity output (% of total),76.8252008450734
BRA,Brazil,2012,EG.ELC.RNEW.ZS,Renewable electricity output (% of total),82.577658259127
BRA,Brazil,2011,EG.ELC.RNEW.ZS,Renewable electricity output (% of total),87.1951774964881
BRA,Brazil,2010,EG.ELC.RNEW.ZS,Renewable electricity output (% of total),84.8163978802163
BRA,Brazil,2009,EG.ELC.RNEW.ZS,Renewable electricity output (% of total),89.0545459226252
BRA,Brazil,2008,EG.ELC.RNEW.ZS,Renewable electricity output (% of total),84.334590890735
BRA,Brazil,2007,EG.ELC.RNEW.ZS,Renewable electricity output (% of total),88.2273383848482
BRA,Brazil,2006,EG.ELC.RNEW.ZS,Renewable electricity output (% of total),86.7770122836764
BRA,Brazil,2005,EG.ELC.RNEW.ZS,Renewable electricity output (% of total),87.1374676515322
BRA,Brazil,2004,EG.ELC.RNEW.ZS,Renewable electricity output (% of total),86.0318464433105
BRA,Brazil,2003,EG.ELC.RNEW.ZS,Renewable electricity output (% of total),87.163729383898
BRA,Brazil,2002,EG.ELC.RNEW.ZS,Renewable electricity output (% of total),85.7402993019374
BRA,Brazil,2001,EG.ELC.RNEW.ZS,Renewable electricity output (% of total),84.2906139272103
BRA,Brazil,2000,EG.ELC.RNEW.ZS,Renewable electricity output (% of total),89.4957553523831
BRA,Brazil,2023,EN.GHG.CO2.PC.CE.AR5,CO2 emissions excluding LULUCF per capita (t CO2e/capita),2.27447826989363
BRA,Brazil,2022,EN.GHG.CO2.PC.CE.AR5,CO2 emissions excluding LULUCF per capita (t CO2e/capita),2.27889577215227
BRA,Brazil,2021,EN.GHG.CO2.PC.CE.AR5,CO2 emissions excluding LULUCF per capita (t CO2e/capita),2.41580858865319
BRA,Brazil,2020,EN.GHG.CO2.PC.CE.AR5,CO2 emissions excluding LULUCF per capita (t CO2e/capita),2.1466461829
BRA,Brazil,2019,EN.GHG.CO2.PC.CE.AR5,CO2 emissions excluding LULUCF per capita (t CO2e/capita),2.25869881785082
BRA,Brazil,2018,EN.GHG.CO2.PC.CE.AR5,CO2 emissions excluding LULUCF per capita (t CO2e/capita),2.28562350357953
BRA,Brazil,2017,EN.GHG.CO2.PC.CE.AR5,CO2 emissions excluding LULUCF per capita (t CO2e/capita),2.41694955353585
BRA,Brazil,2016,EN.GHG.CO2.PC.CE.AR5,CO2 emissions excluding LULUCF per capita (t CO2e/capita),2.37533549789759
BRA,Brazil,2015,EN.GHG.CO2.PC.CE.AR5,CO2 emissions excluding LULUCF per capita (t CO2e/capita),2.56818858918394
BRA,Brazil,2014,EN.GHG.CO2.PC.CE.AR5,CO2 emissions excluding LULUCF per capita (t CO2e/capita),2.7310345760982
BRA,Brazil,2013,EN.GHG.CO2.PC.CE.AR5,CO2 emissions excluding LULUCF per capita (t CO2e/capita),2.63744450973958
BRA,Brazil,2012,EN.GHG.CO2.PC.CE.AR5,CO2 emissions excluding LULUCF per capita (t CO2e/capita),2.52901988702936
BRA,Brazil,2011,EN.GHG.CO2.PC.CE.AR5,CO2 emissions excluding LULUCF per capita (t CO2e/capita),2.37418967936326
BRA,Brazil,2010,EN.GHG.CO2.PC.CE.AR5,CO2 emissions excluding LULUCF per capita (t CO2e/capita),2.27112813109879
BRA,Brazil,2009,EN.GHG.CO2.PC.CE.AR5,CO2 emissions excluding LULUCF per capita (t CO2e/capita),2.00746250710986
BRA,Brazil,2008,EN.GHG.CO2.PC.CE.AR5,CO2 emissions excluding LULUCF per capita (t CO2e/capita),2.16839391882541
BRA,Brazil,2007,EN.GHG.CO2.PC.CE.AR5,CO2 emissions excluding LULUCF per capita (t CO2e/capita),2.08496718576573
BRA,Brazil,2006,EN.GHG.CO2.PC.CE.AR5,CO2 emissions excluding LULUCF per capita (t CO2e/capita),2.00204169117872
BRA,Brazil,2005,EN.GHG.CO2.PC.CE.AR5,CO2 emissions excluding LULUCF per capita (t CO2e/capita),1.99935674253319
BRA,Brazil,2004,EN.GHG.CO2.PC.CE.AR5,CO2 emissions excluding LULUCF per capita (t CO2e/capita),1.99978275095698
BRA,Brazil,2003,EN.GHG.CO2.PC.CE.AR5,CO2 emissions excluding LULUCF per capita (t CO2e/capita),1.91839410561756
BRA,Brazil,2002,EN.GHG.CO2.PC.CE.AR5,CO2 emissions excluding LULUCF per capita (t CO2e/capita),1.96879630651915
BRA,Brazil,2001,EN.GHG.CO2.PC.CE.AR5,CO2 emissions excluding LULUCF per capita (t CO2e/capita),1.9928207750233
BRA,Brazil,2000,EN.GHG.CO2.PC.CE.AR5,CO2 emissions excluding LULUCF per capita (t CO2e/capita),2.00787868943563
ZAF,South Africa,2023,EG.ELC.ACCS.ZS,Access to electricity (% of population),87.7
ZAF,South Africa,2022,EG.ELC.ACCS.ZS,Access to electricity (% of population),86.5
ZAF,South Africa,2021,EG.ELC.ACCS.ZS,Access to electricity (% of population),89.3
ZAF,South Africa,2020,EG.ELC.ACCS.ZS,Access to electricity (% of population),90.0
ZAF,South Africa,2019,EG.ELC.ACCS.ZS,Access to electricity (% of population),85.0
ZAF,South Africa,2018,EG.ELC.ACCS.ZS,Access to electricity (% of population),84.7
ZAF,South Africa,2017,EG.ELC.ACCS.ZS,Access to electricity (% of population),84.4
ZAF,South Africa,2016,EG.ELC.ACCS.ZS,Access to electricity (% of population),83.9
ZAF,South Africa,2015,EG.ELC.ACCS.ZS,Access to electricity (% of population),85.3
ZAF,South Africa,2014,EG.ELC.ACCS.ZS,Access to electricity (% of population),85.9
ZAF,South Africa,2013,EG.ELC.ACCS.ZS,Access to electricity (% of population),85.2
ZAF,South Africa,2012,EG.ELC.ACCS.ZS,Access to electricity (% of population),85.2
ZAF,South Africa,2011,EG.ELC.ACCS.ZS,Access to electricity (% of population),83.6
ZAF,South Africa,2010,EG.ELC.ACCS.ZS,Access to electricity (% of population),82.8
ZAF,South Africa,2009,EG.ELC.ACCS.ZS,Access to electricity (% of population),82.6
ZAF,South Africa,2008,EG.ELC.ACCS.ZS,Access to electricity (% of population),81.9
ZAF,South Africa,2007,EG.ELC.ACCS.ZS,Access to electricity (% of population),82.0
ZAF,South Africa,2006,EG.ELC.ACCS.ZS,Access to electricity (% of population),80.7
ZAF,South Africa,2005,EG.ELC.ACCS.ZS,Access to electricity (% of population),80.8
ZAF,South Africa,2004,EG.ELC.ACCS.ZS,Access to electricity (% of population),80.6
ZAF,South Africa,2003,EG.ELC.ACCS.ZS,Access to electricity (% of population),78.8
ZAF,South Africa,2002,EG.ELC.ACCS.ZS,Access to electricity (% of population),76.7
ZAF,South Africa,2001,EG.ELC.ACCS.ZS,Access to electricity (% of population),70.2
ZAF,South Africa,2000,EG.ELC.ACCS.ZS,Access to electricity (% of population),72.4
ZAF,South Africa,2023,EG.ELC.RNEW.ZS,Renewable electricity output (% of total),
ZAF,South Africa,2022,EG.ELC.RNEW.ZS,Renewable electricity output (% of total),
ZAF,South Africa,2021,EG.ELC.RNEW.ZS,Renewable electricity output (% of total),6.44786393924166
ZAF,South Africa,2020,EG.ELC.RNEW.ZS,Renewable electricity output (% of total),6.0119154479148
ZAF,South Africa,2019,EG.ELC.RNEW.ZS,Renewable electricity output (% of total),5.24124159386961
ZAF,South Africa,2018,EG.ELC.RNEW.ZS,Renewable electricity output (% of total),4.87685113320359
ZAF,South Africa,2017,EG.ELC.RNEW.ZS,Renewable electricity output (% of total),4.18104603855229
ZAF,South Africa,2016,EG.ELC.RNEW.ZS,Renewable electricity output (% of total),3.10190031929162
ZAF,South Africa,2015,EG.ELC.RNEW.ZS,Renewable electricity output (% of total),2.67115419278604
ZAF,South Africa,2014,EG.ELC.RNEW.ZS,Renewable electricity output (% of total),2.14258565670803
ZAF,South Africa,2013,EG.ELC.RNEW.ZS,Renewable electricity output (% of total),1.73565741019162
ZAF,South Africa,2012,EG.ELC.RNEW.ZS,Renewable electricity output (% of total),1.80764503584459
ZAF,South Africa,2011,EG.ELC.RNEW.ZS,Renewable electricity output (% of total),1.99910108250996
ZAF,South Africa,2010,EG.ELC.RNEW.ZS,Renewable electricity output (% of total),1.9412714126679
ZAF,South Africa,2009,EG.ELC.RNEW.ZS,Renewable electricity output (% of total),1.75400810235738
ZAF,South Africa,2008,EG.ELC.RNEW.ZS,Renewable electricity output (% of total),1.64048302108862
ZAF,South Africa,2007,EG.ELC.RNEW.ZS,Renewable electricity output (% of total),1.73369414640256
ZAF,South Africa,2006,EG.ELC.RNEW.ZS,Renewable electricity output (% of total),2.15545827784301
ZAF,South Africa,2005,EG.ELC.RNEW.ZS,Renewable electricity output (% of total),1.87487853275737
ZAF,South Africa,2004,EG.ELC.RNEW.ZS,Renewable electricity output (% of total),1.94551624046933
ZAF,South Africa,2003,EG.ELC.RNEW.ZS,Renewable electricity output (% of total),1.74180396108082
ZAF,South Africa,2002,EG.ELC.RNEW.ZS,Renewable electricity output (% of total),1.87427405644339
ZAF,South Africa,2001,EG.ELC.RNEW.ZS,Renewable electricity output (% of total),2.10604950023798
ZAF,South Africa,2000,EG.ELC.RNEW.ZS,Renewable electricity output (% of total),2.00085441686049
ZAF,South Africa,2023,EN.GHG.CO2.PC.CE.AR5,CO2 emissions excluding LULUCF per capita (t CO2e/capita),6.75922774879049
ZAF,South Africa,2022,EN.GHG.CO2.PC.CE.AR5,CO2 emissions excluding LULUCF per capita (t CO2e/capita),6.88263936192025
ZAF,South Africa,2021,EN.GHG.CO2.PC.CE.AR5,CO2 emissions excluding LULUCF per capita (t CO2e/capita),7.29340675223128
ZAF,South Africa,2020,EN.GHG.CO2.PC.CE.AR5,CO2 emissions excluding LULUCF per capita (t CO2e/capita),7.4445834618028
ZAF,South Africa,2019,EN.GHG.CO2.PC.CE.AR5,CO2 emissions excluding LULUCF per capita (t CO2e/capita),8.01412233375962
ZAF,South Africa,2018,EN.GHG.CO2.PC.CE.AR5,CO2 emissions excluding LULUCF per capita (t CO2e/capita),8.077016906198
ZAF,South Africa,2017,EN.GHG.CO2.PC.CE.AR5,CO2 emissions excluding LULUCF per capita (t CO2e/capita),8.14751418587147
ZAF,South Africa,2016,EN.GHG.CO2.PC.CE.AR5,CO2 emissions excluding LULUCF per capita (t CO2e/capita),8.03701551903542
ZAF,South Africa,2015,EN.GHG.CO2.PC.CE.AR5,CO2 emissions excluding LULUCF per capita (t CO2e/capita),8.14948651738695
ZAF,South Africa,2014,EN.GHG.CO2.PC.CE.AR5,CO2 emissions excluding LULUCF per capita (t CO2e/capita),8.75262375978144
ZAF,South Africa,2013,EN.GHG.CO2.PC.CE.AR5,CO2 emissions excluding LULUCF per capita (t CO2e/capita),8.68872722515024
ZAF,South Africa,2012,EN.GHG.CO2.PC.CE.AR5,CO2 emissions excluding LULUCF per capita (t CO2e/capita),8.57667504044573
ZAF,South Africa,2011,EN.GHG.CO2.PC.CE.AR5,CO2 emissions excluding LULUCF per capita (t CO2e/capita),8.37758623633968
ZAF,South Africa,2010,EN.GHG.CO2.PC.CE.AR5,CO2 emissions excluding LULUCF per capita (t CO2e/capita),8.87117430020844
ZAF,South Africa,2009,EN.GHG.CO2.PC.CE.AR5,CO2 emissions excluding LULUCF per capita (t CO2e/capita),8.83353970564321
ZAF,South Africa,2008,EN.GHG.CO2.PC.CE.AR5,CO2 emissions excluding LULUCF per capita (t CO2e/capita),9.54569945858325
ZAF,South Africa,2007,EN.GHG.CO2.PC.CE.AR5,CO2 emissions excluding LULUCF per capita (t CO2e/capita),9.10281000552084
ZAF,South Africa,2006,EN.GHG.CO2.PC.CE.AR5,CO2 emissions excluding LULUCF per capita (t CO2e/capita),8.81243167639557
ZAF,South Africa,2005,EN.GHG.CO2.PC.CE.AR5,CO2 emissions excluding LULUCF per capita (t CO2e/capita),8.81501533854301
ZAF,South Africa,2004,EN.GHG.CO2.PC.CE.AR5,CO2 emissions excluding LULUCF per capita (t CO2e/capita),8.69023374521021
ZAF,South Africa,2003,EN.GHG.CO2.PC.CE.AR5,CO2 emissions excluding LULUCF per capita (t CO2e/capita),8.11491084558816
ZAF,South Africa,2002,EN.GHG.CO2.PC.CE.AR5,CO2 emissions excluding LULUCF per capita (t CO2e/capita),7.72131022420827
ZAF,South Africa,2001,EN.GHG.CO2.PC.CE.AR5,CO2 emissions excluding LULUCF per capita (t CO2e/capita),7.51319828115408
ZAF,South Africa,2000,EN.GHG.CO2.PC.CE.AR5,CO2 emissions excluding LULUCF per capita (t CO2e/capita),7.36397941641679
NGA,Nigeria,2023,EG.ELC.ACCS.ZS,Access to electricity (% of population),61.2
NGA,Nigeria,2022,EG.ELC.ACCS.ZS,Access to electricity (% of population),60.5
NGA,Nigeria,2021,EG.ELC.ACCS.ZS,Access to electricity (% of population),59.5
NGA,Nigeria,2020,EG.ELC.ACCS.ZS,Access to electricity (% of population),55.4
NGA,Nigeria,2019,EG.ELC.ACCS.ZS,Access to electricity (% of population),55.4
NGA,Nigeria,2018,EG.ELC.ACCS.ZS,Access to electricity (% of population),56.5
NGA,Nigeria,2017,EG.ELC.ACCS.ZS,Access to electricity (% of population),54.4
NGA,Nigeria,2016,EG.ELC.ACCS.ZS,Access to electricity (% of population),59.3
NGA,Nigeria,2015,EG.ELC.ACCS.ZS,Access to electricity (% of population),52.5
NGA,Nigeria,2014,EG.ELC.ACCS.ZS,Access to electricity (% of population),54.2
NGA,Nigeria,2013,EG.ELC.ACCS.ZS,Access to electricity (% of population),55.6
NGA,Nigeria,2012,EG.ELC.ACCS.ZS,Access to electricity (% of population),53.0
NGA,Nigeria,2011,EG.ELC.ACCS.ZS,Access to electricity (% of population),55.9
NGA,Nigeria,2010,EG.ELC.ACCS.ZS,Access to electricity (% of population),48.0
NGA,Nigeria,2009,EG.ELC.ACCS.ZS,Access to electricity (% of population),50.0
NGA,Nigeria,2008,EG.ELC.ACCS.ZS,Access to electricity (% of population),50.3
NGA,Nigeria,2007,EG.ELC.ACCS.ZS,Access to electricity (% of population),50.1
NGA,Nigeria,2006,EG.ELC.ACCS.ZS,Access to electricity (% of population),47.6
NGA,Nigeria,2005,EG.ELC.ACCS.ZS,Access to electricity (% of population),46.8
NGA,Nigeria,2004,EG.ELC.ACCS.ZS,Access to electricity (% of population),46.1
NGA,Nigeria,2003,EG.ELC.ACCS.ZS,Access to electricity (% of population),52.2
NGA,Nigeria,2002,EG.ELC.ACCS.ZS,Access to electricity (% of population),44.6
NGA,Nigeria,2001,EG.ELC.ACCS.ZS,Access to electricity (% of population),43.9
NGA,Nigeria,2000,EG.ELC.ACCS.ZS,Access to electricity (% of population),43.2
NGA,Nigeria,2023,EG.ELC.RNEW.ZS,Renewable electricity output (% of total),
NGA,Nigeria,2022,EG.ELC.RNEW.ZS,Renewable electricity output (% of total),
NGA,Nigeria,2021,EG.ELC.RNEW.ZS,Renewable electricity output (% of total),22.2303049100539
NGA,Nigeria,2020,EG.ELC.RNEW.ZS,Renewable electricity output (% of total),20.193785710674
NGA,Nigeria,2019,EG.ELC.RNEW.ZS,Renewable electricity output (% of total),23.3914536960704
NGA,Nigeria,2018,EG.ELC.RNEW.ZS,Renewable electricity output (% of total),21.1816543816544
NGA,Nigeria,2017,EG.ELC.RNEW.ZS,Renewable electricity output (% of total),22.2840172477798
NGA,Nigeria,2016,EG.ELC.RNEW.ZS,Renewable electricity output (% of total),15.655989150574
NGA,Nigeria,2015,EG.ELC.RNEW.ZS,Renewable electricity output (% of total),14.3507341670924
NGA,Nigeria,2014,EG.ELC.RNEW.ZS,Renewable electricity output (% of total),15.0193983351993
NGA,Nigeria,2013,EG.ELC.RNEW.ZS,Renewable electricity output (% of total),18.0403441289603
NGA,Nigeria,2012,EG.ELC.RNEW.ZS,Renewable electricity output (% of total),17.1392242073073
NGA,Nigeria,2011,EG.ELC.RNEW.ZS,Renewable electricity output (% of total),18.2071240105541
NGA,Nigeria,2010,EG.ELC.RNEW.ZS,Renewable electricity output (% of total),26.1201304584164
NGA,Nigeria,2009,EG.ELC.RNEW.ZS,Renewable electricity output (% of total),35.0682352941176
NGA,Nigeria,2008,EG.ELC.RNEW.ZS,Renewable electricity output (% of total),33.0147898861976
NGA,Nigeria,2007,EG.ELC.RNEW.ZS,Renewable electricity output (% of total),32.9041020658189
NGA,Nigeria,2006,EG.ELC.RNEW.ZS,Renewable electricity output (% of total),44.9380403458213
NGA,Nigeria,2005,EG.ELC.RNEW.ZS,Renewable electricity output (% of total),54.6550946233864
NGA,Nigeria,2004,EG.ELC.RNEW.ZS,Renewable electricity output (% of total),32.905988461851
NGA,Nigeria,2003,EG.ELC.RNEW.ZS,Renewable electricity output (% of total),37.8402202514375
NGA,Nigeria,2002,EG.ELC.RNEW.ZS,Renewable electricity output (% of total),29.3003569140661
NGA,Nigeria,2001,EG.ELC.RNEW.ZS,Renewable electricity output (% of total),39.2408952959029
NGA,Nigeria,2000,EG.ELC.RNEW.ZS,Renewable electricity output (% of total),42.7572043723087
NGA,Nigeria,2023,EN.GHG.CO2.PC.CE.AR5,CO2 emissions excluding LULUCF per capita (t CO2e/capita),0.552339272252252
NGA,Nigeria,2022,EN.GHG.CO2.PC.CE.AR5,CO2 emissions excluding LULUCF per capita (t CO2e/capita),0.578271036832404
NGA,Nigeria,2021,EN.GHG.CO2.PC.CE.AR5,CO2 emissions excluding LULUCF per capita (t CO2e/capita),0.599006670437755
NGA,Nigeria,2020,EN.GHG.CO2.PC.CE.AR5,CO2 emissions excluding LULUCF per capita (t CO2e/capita),0.555700571123744
NGA,Nigeria,2019,EN.GHG.CO2.PC.CE.AR5,CO2 emissions excluding LULUCF per capita (t CO2e/capita),0.60197968413501
NGA,Nigeria,2018,EN.GHG.CO2.PC.CE.AR5,CO2 emissions excluding LULUCF per capita (t CO2e/capita),0.592412108680957
NGA,Nigeria,2017,EN.GHG.CO2.PC.CE.AR5,CO2 emissions excluding LULUCF per capita (t CO2e/capita),0.579461406473008
NGA,Nigeria,2016,EN.GHG.CO2.PC.CE.AR5,CO2 emissions excluding LULUCF per capita (t CO2e/capita),0.631791150085677
NGA,Nigeria,2015,EN.GHG.CO2.PC.CE.AR5,CO2 emissions excluding LULUCF per capita (t CO2e/capita),0.621244733321397
NGA,Nigeria,2014,EN.GHG.CO2.PC.CE.AR5,CO2 emissions excluding LULUCF per capita (t CO2e/capita),0.660183629190404
NGA,Nigeria,2013,EN.GHG.CO2.PC.CE.AR5,CO2 emissions excluding LULUCF per capita (t CO2e/capita),0.63302873569183
NGA,Nigeria,2012,EN.GHG.CO2.PC.CE.AR5,CO2 emissions excluding LULUCF per capita (t CO2e/capita),0.580337328542393
NGA,Nigeria,2011,EN.GHG.CO2.PC.CE.AR5,CO2 emissions excluding LULUCF per capita (t CO2e/capita),0.606966647220167
NGA,Nigeria,2010,EN.GHG.CO2.PC.CE.AR5,CO2 emissions excluding LULUCF per capita (t CO2e/capita),0.566502430832841
NGA,Nigeria,2009,EN.GHG.CO2.PC.CE.AR5,CO2 emissions excluding LULUCF per capita (t CO2e/capita),0.499337659024901
NGA,Nigeria,2008,EN.GHG.CO2.PC.CE.AR5,CO2 emissions excluding LULUCF per capita (t CO2e/capita),0.581139578438694
NGA,Nigeria,2007,EN.GHG.CO2.PC.CE.AR5,CO2 emissions excluding LULUCF per capita (t CO2e/capita),0.550572897626193
NGA,Nigeria,2006,EN.GHG.CO2.PC.CE.AR5,CO2 emissions excluding LULUCF per capita (t CO2e/capita),0.621989926382773
NGA,Nigeria,2005,EN.GHG.CO2.PC.CE.AR5,CO2 emissions excluding LULUCF per capita (t CO2e/capita),0.710050686175941
NGA,Nigeria,2004,EN.GHG.CO2.PC.CE.AR5,CO2 emissions excluding LULUCF per capita (t CO2e/capita),0.736921009510727
NGA,Nigeria,2003,EN.GHG.CO2.PC.CE.AR5,CO2 emissions excluding LULUCF per capita (t CO2e/capita),0.7843536892773
NGA,Nigeria,2002,EN.GHG.CO2.PC.CE.AR5,CO2 emissions excluding LULUCF per capita (t CO2e/capita),0.720895078592108
NGA,Nigeria,2001,EN.GHG.CO2.PC.CE.AR5,CO2 emissions excluding LULUCF per capita (t CO2e/capita),0.818897081180304
NGA,Nigeria,2000,EN.GHG.CO2.PC.CE.AR5,CO2 emissions excluding LULUCF per capita (t CO2e/capita),0.792790969926579
EGY,"Egypt, Arab Rep.",2023,EG.ELC.ACCS.ZS,Access to electricity (% of population),100.0
EGY,"Egypt, Arab Rep.",2022,EG.ELC.ACCS.ZS,Access to electricity (% of population),100.0
EGY,"Egypt, Arab Rep.",2021,EG.ELC.ACCS.ZS,Access to electricity (% of population),100.0
EGY,"Egypt, Arab Rep.",2020,EG.ELC.ACCS.ZS,Access to electricity (% of population),100.0
EGY,"Egypt, Arab Rep.",2019,EG.ELC.ACCS.ZS,Access to electricity (% of population),100.0
EGY,"Egypt, Arab Rep.",2018,EG.ELC.ACCS.ZS,Access to electricity (% of population),100.0
EGY,"Egypt, Arab Rep.",2017,EG.ELC.ACCS.ZS,Access to electricity (% of population),100.0
EGY,"Egypt, Arab Rep.",2016,EG.ELC.ACCS.ZS,Access to electricity (% of population),100.0
EGY,"Egypt, Arab Rep.",2015,EG.ELC.ACCS.ZS,Access to electricity (% of population),99.3
EGY,"Egypt, Arab Rep.",2014,EG.ELC.ACCS.ZS,Access to electricity (% of population),99.8
EGY,"Egypt, Arab Rep.",2013,EG.ELC.ACCS.ZS,Access to electricity (% of population),99.9
EGY,"Egypt, Arab Rep.",2012,EG.ELC.ACCS.ZS,Access to electricity (% of population),99.7
EGY,"Egypt, Arab Rep.",2011,EG.ELC.ACCS.ZS,Access to electricity (% of population),99.4
EGY,"Egypt, Arab Rep.",2010,EG.ELC.ACCS.ZS,Access to electricity (% of population),99.4
EGY,"Egypt, Arab Rep.",2009,EG.ELC.ACCS.ZS,Access to electricity (% of population),98.9
EGY,"Egypt, Arab Rep.",2008,EG.ELC.ACCS.ZS,Access to electricity (% of population),99.8
EGY,"Egypt, Arab Rep.",2007,EG.ELC.ACCS.ZS,Access to electricity (% of population),98.4
EGY,"Egypt, Arab Rep.",2006,EG.ELC.ACCS.ZS,Access to electricity (% of population),99.0
EGY,"Egypt, Arab Rep.",2005,EG.ELC.ACCS.ZS,Access to electricity (% of population),99.4
EGY,"Egypt, Arab Rep.",2004,EG.ELC.ACCS.ZS,Access to electricity (% of population),97.8
EGY,"Egypt, Arab Rep.",2003,EG.ELC.ACCS.ZS,Access to electricity (% of population),98.8
EGY,"Egypt, Arab Rep.",2002,EG.ELC.ACCS.ZS,Access to electricity (% of population),97.5
EGY,"Egypt, Arab Rep.",2001,EG.ELC.ACCS.ZS,Access to electricity (% of population),97.4
EGY,"Egypt, Arab Rep.",2000,EG.ELC.ACCS.ZS,Access to electricity (% of population),97.7
EGY,"Egypt, Arab Rep.",2023,EG.ELC.RNEW.ZS,Renewable electricity output (% of total),
EGY,"Egypt, Arab Rep.",2022,EG.ELC.RNEW.ZS,Renewable electricity output (% of total),
EGY,"Egypt, Arab Rep.",2021,EG.ELC.RNEW.ZS,Renewable electricity output (% of total),12.1959401781537
EGY,"Egypt, Arab Rep.",2020,EG.ELC.RNEW.ZS,Renewable electricity output (% of total),11.8495551161641
EGY,"Egypt, Arab Rep.",2019,EG.ELC.RNEW.ZS,Renewable electricity output (% of total),9.10978218986392
EGY,"Egypt, Arab Rep.",2018,EG.ELC.RNEW.ZS,Renewable electricity output (% of total),7.98323426459616
EGY,"Egypt, Arab Rep.",2017,EG.ELC.RNEW.ZS,Renewable electricity output (% of total),8.12286536681618
EGY,"Egypt, Arab Rep.",2016,EG.ELC.RNEW.ZS,Renewable electricity output (% of total),8.51020709824893
EGY,"Egypt, Arab Rep.",2015,EG.ELC.RNEW.ZS,Renewable electricity output (% of total),8.40123221374128
EGY,"Egypt, Arab Rep.",2014,EG.ELC.RNEW.ZS,Renewable electricity output (% of total),8.6535848453361
EGY,"Egypt, Arab Rep.",2013,EG.ELC.RNEW.ZS,Renewable electricity output (% of total),8.76609453550287
EGY,"Egypt, Arab Rep.",2012,EG.ELC.RNEW.ZS,Renewable electricity output (% of total),9.33021010270741
EGY,"Egypt, Arab Rep.",2011,EG.ELC.RNEW.ZS,Renewable electricity output (% of total),9.63321393516807
EGY,"Egypt, Arab Rep.",2010,EG.ELC.RNEW.ZS,Renewable electricity output (% of total),8.97775210018425
EGY,"Egypt, Arab Rep.",2009,EG.ELC.RNEW.ZS,Renewable electricity output (% of total),11.4980757588861
EGY,"Egypt, Arab Rep.",2008,EG.ELC.RNEW.ZS,Renewable electricity output (% of total),12.7743050774856
EGY,"Egypt, Arab Rep.",2007,EG.ELC.RNEW.ZS,Renewable electricity output (% of total),11.1199002629287
EGY,"Egypt, Arab Rep.",2006,EG.ELC.RNEW.ZS,Renewable electricity output (% of total),11.9859193983034
EGY,"Egypt, Arab Rep.",2005,EG.ELC.RNEW.ZS,Renewable electricity output (% of total),12.4357438586807
EGY,"Egypt, Arab Rep.",2004,EG.ELC.RNEW.ZS,Renewable electricity output (% of total),13.5577547655949
EGY,"Egypt, Arab Rep.",2003,EG.ELC.RNEW.ZS,Renewable electricity output (% of total),14.0900896168433
EGY,"Egypt, Arab Rep.",2002,EG.ELC.RNEW.ZS,Renewable electricity output (% of total),15.0305976006279
EGY,"Egypt, Arab Rep.",2001,EG.ELC.RNEW.ZS,Renewable electricity output (% of total),18.7720275689825
EGY,"Egypt, Arab Rep.",2000,EG.ELC.RNEW.ZS,Renewable electricity output (% of total),18.0499085010814
EGY,"Egypt, Arab Rep.",2023,EN.GHG.CO2.PC.CE.AR5,CO2 emissions excluding LULUCF per capita (t CO2e/capita),2.40830000255291
EGY,"Egypt, Arab Rep.",2022,EN.GHG.CO2.PC.CE.AR5,CO2 emissions excluding LULUCF per capita (t CO2e/capita),2.29974804261299
EGY,"Egypt, Arab Rep.",2021,EN.GHG.CO2.PC.CE.AR5,CO2 emissions excluding LULUCF per capita (t CO2e/capita),2.35795200966486
EGY,"Egypt, Arab Rep.",2020,EN.GHG.CO2.PC.CE.AR5,CO2 emissions excluding LULUCF per capita (t CO2e/capita),2.25205800434348
EGY,"Egypt, Arab Rep.",2019,EN.GHG.CO2.PC.CE.AR5,CO2 emissions excluding LULUCF per capita (t CO2e/capita),2.20383858928624
EGY,"Egypt, Arab Rep.",2018,EN.GHG.CO2.PC.CE.AR5,CO2 emissions excluding LULUCF per capita (t CO2e/capita),2.42443152195678
EGY,"Egypt, Arab Rep.",2017,EN.GHG.CO2.PC.CE.AR5,CO2 emissions excluding LULUCF per capita (t CO2e/capita),2.52378641552398
EGY,"Egypt, Arab Rep.",2016,EN.GHG.CO2.PC.CE.AR5,CO2 emissions excluding LULUCF per capita (t CO2e/capita),2.46076060182603
EGY,"Egypt, Arab Rep.",2015,EN.GHG.CO2.PC.CE.AR5,CO2 emissions excluding LULUCF per capita (t CO2e/capita),2.40381816615146
EGY,"Egypt, Arab Rep.",2014,EN.GHG.CO2.PC.CE.AR5,CO2 emissions excluding LULUCF per capita (t CO2e/capita),2.39012321445552
EGY,"Egypt, Arab Rep.",2013,EN.GHG.CO2.PC.CE.AR5,CO2 emissions excluding LULUCF per capita (t CO2e/capita),2.39951090462348
EGY,"Egypt, Arab Rep.",2012,EN.GHG.CO2.PC.CE.AR5,CO2 emissions excluding LULUCF per capita (t CO2e/capita),2.50058176167515
EGY,"Egypt, Arab Rep.",2011,EN.GHG.CO2.PC.CE.AR5,CO2 emissions excluding LULUCF per capita (t CO2e/capita),2.40787061503775
EGY,"Egypt, Arab Rep.",2010,EN.GHG.CO2.PC.CE.AR5,CO2 emissions excluding LULUCF per capita (t CO2e/capita),2.37407988100642
EGY,"Egypt, Arab Rep.",2009,EN.GHG.CO2.PC.CE.AR5,CO2 emissions excluding LULUCF per capita (t CO2e/capita),2.40386934022582
EGY,"Egypt, Arab Rep.",2008,EN.GHG.CO2.PC.CE.AR5,CO2 emissions excluding LULUCF per capita (t CO2e/capita),2.35283522329508
EGY,"Egypt, Arab Rep.",2007,EN.GHG.CO2.PC.CE.AR5,CO2 emissions excluding LULUCF per capita (t CO2e/capita),2.39637572755543
EGY,"Egypt, Arab Rep.",2006,EN.GHG.CO2.PC.CE.AR5,CO2 emissions excluding LULUCF per capita (t CO2e/capita),2.28386190572735
EGY,"Egypt, Arab Rep.",2005,EN.GHG.CO2.PC.CE.AR5,CO2 emissions excluding LULUCF per capita (t CO2e/capita),2.1995658648073
EGY,"Egypt, Arab Rep.",2004,EN.GHG.CO2.PC.CE.AR5,CO2 emissions excluding LULUCF per capita (t CO2e/capita),2.0184066565906
EGY,"Egypt, Arab Rep.",2003,EN.GHG.CO2.PC.CE.AR5,CO2 emissions excluding LULUCF per capita (t CO2e/capita),1.89914658738482
EGY,"Egypt, Arab Rep.",2002,EN.GHG.CO2.PC.CE.AR5,CO2 emissions excluding LULUCF per capita (t CO2e/capita),1.90141842765088
EGY,"Egypt, Arab Rep.",2001,EN.GHG.CO2.PC.CE.AR5,CO2 emissions excluding LULUCF per capita (t CO2e/capita),1.89148509278964
EGY,"Egypt, Arab Rep.",2000,EN.GHG.CO2.PC.CE.AR5,CO2 emissions excluding LULUCF per capita (t CO2e/capita),1.75027301728806
SAU,Saudi Arabia,2023,EG.ELC.ACCS.ZS,Access to electricity (% of population),100.0
SAU,Saudi Arabia,2022,EG.ELC.ACCS.ZS,Access to electricity (% of population),100.0
SAU,Saudi Arabia,2021,EG.ELC.ACCS.ZS,Access to electricity (% of population),100.0
SAU,Saudi Arabia,2020,EG.ELC.ACCS.ZS,Access to electricity (% of population),100.0
SAU,Saudi Arabia,2019,EG.ELC.ACCS.ZS,Access to electricity (% of population),100.0
SAU,Saudi Arabia,2018,EG.ELC.ACCS.ZS,Access to electricity (% of population),99.9
SAU,Saudi Arabia,2017,EG.ELC.ACCS.ZS,Access to electricity (% of population),100.0
SAU,Saudi Arabia,2016,EG.ELC.ACCS.ZS,Access to electricity (% of population),99.9
SAU,Saudi Arabia,2015,EG.ELC.ACCS.ZS,Access to electricity (% of population),100.0
SAU,Saudi Arabia,2014,EG.ELC.ACCS.ZS,Access to electricity (% of population),100.0
SAU,Saudi Arabia,2013,EG.ELC.ACCS.ZS,Access to electricity (% of population),100.0
SAU,Saudi Arabia,2012,EG.ELC.ACCS.ZS,Access to electricity (% of population),100.0
SAU,Saudi Arabia,2011,EG.ELC.ACCS.ZS,Access to electricity (% of population),100.0
SAU,Saudi Arabia,2010,EG.ELC.ACCS.ZS,Access to electricity (% of population),100.0
SAU,Saudi Arabia,2009,EG.ELC.ACCS.ZS,Access to electricity (% of population),100.0
SAU,Saudi Arabia,2008,EG.ELC.ACCS.ZS,Access to electricity (% of population),100.0
SAU,Saudi Arabia,2007,EG.ELC.ACCS.ZS,Access to electricity (% of population),100.0
SAU,Saudi Arabia,2006,EG.ELC.ACCS.ZS,Access to electricity (% of population),100.0
SAU,Saudi Arabia,2005,EG.ELC.ACCS.ZS,Access to electricity (% of population),100.0
SAU,Saudi Arabia,2004,EG.ELC.ACCS.ZS,Access to electricity (% of population),100.0
SAU,Saudi Arabia,2003,EG.ELC.ACCS.ZS,Access to electricity (% of population),100.0
SAU,Saudi Arabia,2002,EG.ELC.ACCS.ZS,Access to electricity (% of population),100.0
SAU,Saudi Arabia,2001,EG.ELC.ACCS.ZS,Access to electricity (% of population),100.0
SAU,Saudi Arabia,2000,EG.ELC.ACCS.ZS,Access to electricity (% of population),100.0
SAU,Saudi Arabia,2023,EG.ELC.RNEW.ZS,Renewable electricity output (% of total),
SAU,Saudi Arabia,2022,EG.ELC.RNEW.ZS,Renewable electricity output (% of total),
SAU,Saudi Arabia,2021,EG.ELC.RNEW.ZS,Renewable electricity output (% of total),0.0652981651937175
SAU,Saudi Arabia,2020,EG.ELC.RNEW.ZS,Renewable electricity output (% of total),0.06764821408208
SAU,Saudi Arabia,2019,EG.ELC.RNEW.ZS,Renewable electricity output (% of total),0.068837561920283
SAU,Saudi Arabia,2018,EG.ELC.RNEW.ZS,Renewable electricity output (% of total),0.0562251679456406
SAU,Saudi Arabia,2017,EG.ELC.RNEW.ZS,Renewable electricity output (% of total),0.0184114400771668
SAU,Saudi Arabia,2016,EG.ELC.RNEW.ZS,Renewable electricity output (% of total),0.0124340760896077
SAU,Saudi Arabia,2015,EG.ELC.RNEW.ZS,Renewable electricity output (% of total),0.0127345044562439
SAU,Saudi Arabia,2014,EG.ELC.RNEW.ZS,Renewable electricity output (% of total),0.0136095183571282
SAU,Saudi Arabia,2013,EG.ELC.RNEW.ZS,Renewable electricity output (% of total),0.0140168875778304
SAU,Saudi Arabia,2012,EG.ELC.RNEW.ZS,Renewable electricity output (% of total),0.00886173073333932
SAU,Saudi Arabia,2011,EG.ELC.RNEW.ZS,Renewable electricity output (% of total),0.00215529306387505
SAU,Saudi Arabia,2010,EG.ELC.RNEW.ZS,Renewable electricity output (% of total),0.00170366266646117
SAU,Saudi Arabia,2009,EG.ELC.RNEW.ZS,Renewable electricity output (% of total),0.000280999806524723
SAU,Saudi Arabia,2008,EG.ELC.RNEW.ZS,Renewable electricity output (% of total),0.000298726738491675
SAU,Saudi Arabia,2007,EG.ELC.RNEW.ZS,Renewable electricity output (% of total),0.000320151153331409
SAU,Saudi Arabia,2006,EG.ELC.RNEW.ZS,Renewable electricity output (% of total),0.000336210412601828
SAU,Saudi Arabia,2005,EG.ELC.RNEW.ZS,Renewable electricity output (% of total),0.000346346891962481
SAU,Saudi Arabia,2004,EG.ELC.RNEW.ZS,Renewable electricity output (% of total),0.00038154808444097
SAU,Saudi Arabia,2003,EG.ELC.RNEW.ZS,Renewable electricity output (% of total),0.000398692810457516
SAU,Saudi Arabia,2002,EG.ELC.RNEW.ZS,Renewable electricity output (% of total),0.000430377603431732
SAU,Saudi Arabia,2001,EG.ELC.RNEW.ZS,Renewable electricity output (% of total),0.000456337480269015
SAU,Saudi Arabia,2000,EG.ELC.RNEW.ZS,Renewable electricity output (% of total),0.00048339421987305
SAU,Saudi Arabia,2023,EN.GHG.CO2.PC.CE.AR5,CO2 emissions excluding LULUCF per capita (t CO2e/capita),18.8540744665469
SAU,Saudi Arabia,2022,EN.GHG.CO2.PC.CE.AR5,CO2 emissions excluding LULUCF per capita (t CO2e/capita),19.282874301046
SAU,Saudi Arabia,2021,EN.GHG.CO2.PC.CE.AR5,CO2 emissions excluding LULUCF per capita (t CO2e/capita),19.1759893319934
SAU,Saudi Arabia,2020,EN.GHG.CO2.PC.CE.AR5,CO2 emissions excluding LULUCF per capita (t CO2e/capita),18.2902881577409
SAU,Saudi Arabia,2019,EN.GHG.CO2.PC.CE.AR5,CO2 emissions excluding LULUCF per capita (t CO2e/capita),19.2859458646594
SAU,Saudi Arabia,2018,EN.GHG.CO2.PC.CE.AR5,CO2 emissions excluding LULUCF per capita (t CO2e/capita),19.2090840590601
SAU,Saudi Arabia,2017,EN.GHG.CO2.PC.CE.AR5,CO2 emissions excluding LULUCF per capita (t CO2e/capita),19.4764691820848
SAU,Saudi Arabia,2016,EN.GHG.CO2.PC.CE.AR5,CO2 emissions excluding LULUCF per capita (t CO2e/capita),19.6907023725829
SAU,Saudi Arabia,2015,EN.GHG.CO2.PC.CE.AR5,CO2 emissions excluding LULUCF per capita (t CO2e/capita),20.5071259148746
SAU,Saudi Arabia,2014,EN.GHG.CO2.PC.CE.AR5,CO2 emissions excluding LULUCF per capita (t CO2e/capita),20.6973806780556
SAU,Saudi Arabia,2013,EN.GHG.CO2.PC.CE.AR5,CO2 emissions excluding LULUCF per capita (t CO2e/capita),19.8087286694572
SAU,Saudi Arabia,2012,EN.GHG.CO2.PC.CE.AR5,CO2 emissions excluding LULUCF per capita (t CO2e/capita),20.6100945700312
SAU,Saudi Arabia,2011,EN.GHG.CO2.PC.CE.AR5,CO2 emissions excluding LULUCF per capita (t CO2e/capita),20.2940259487267
SAU,Saudi Arabia,2010,EN.GHG.CO2.PC.CE.AR5,CO2 emissions excluding LULUCF per capita (t CO2e/capita),20.3047423300728
SAU,Saudi Arabia,2009,EN.GHG.CO2.PC.CE.AR5,CO2 emissions excluding LULUCF per capita (t CO2e/capita),18.3345628771474
SAU,Saudi Arabia,2008,EN.GHG.CO2.PC.CE.AR5,CO2 emissions excluding LULUCF per capita (t CO2e/capita),18.0563174565032
SAU,Saudi Arabia,2007,EN.GHG.CO2.PC.CE.AR5,CO2 emissions excluding LULUCF per capita (t CO2e/capita),17.3405924711443
SAU,Saudi Arabia,2006,EN.GHG.CO2.PC.CE.AR5,CO2 emissions excluding LULUCF per capita (t CO2e/capita),17.0903135744837
SAU,Saudi Arabia,2005,EN.GHG.CO2.PC.CE.AR5,CO2 emissions excluding LULUCF per capita (t CO2e/capita),16.8475463633317
SAU,Saudi Arabia,2004,EN.GHG.CO2.PC.CE.AR5,CO2 emissions excluding LULUCF per capita (t CO2e/capita),16.6257165924061
SAU,Saudi Arabia,2003,EN.GHG.CO2.PC.CE.AR5,CO2 emissions excluding LULUCF per capita (t CO2e/capita),16.4119297375647
SAU,Saudi Arabia,2002,EN.GHG.CO2.PC.CE.AR5,CO2 emissions excluding LULUCF per capita (t CO2e/capita),16.3991276825131
SAU,Saudi Arabia,2001,EN.GHG.CO2.PC.CE.AR5,CO2 emissions excluding LULUCF per capita (t CO2e/capita),16.1835734476463
SAU,Saudi Arabia,2000,EN.GHG.CO2.PC.CE.AR5,CO2 emissions excluding LULUCF per capita (t CO2e/capita),16.3953985610582
ARE,United Arab Emirates,2023,EG.ELC.ACCS.ZS,Access to electricity (% of population),100.0
ARE,United Arab Emirates,2022,EG.ELC.ACCS.ZS,Access to electricity (% of population),100.0
ARE,United Arab Emirates,2021,EG.ELC.ACCS.ZS,Access to electricity (% of population),100.0
ARE,United Arab Emirates,2020,EG.ELC.ACCS.ZS,Access to electricity (% of population),100.0
ARE,United Arab Emirates,2019,EG.ELC.ACCS.ZS,Access to electricity (% of population),100.0
ARE,United Arab Emirates,2018,EG.ELC.ACCS.ZS,Access to electricity (% of population),100.0
ARE,United Arab Emirates,2017,EG.ELC.ACCS.ZS,Access to electricity (% of population),100.0
ARE,United Arab Emirates,2016,EG.ELC.ACCS.ZS,Access to electricity (% of population),100.0
ARE,United Arab Emirates,2015,EG.ELC.ACCS.ZS,Access to electricity (% of population),100.0
ARE,United Arab Emirates,2014,EG.ELC.ACCS.ZS,Access to electricity (% of population),100.0
ARE,United Arab Emirates,2013,EG.ELC.ACCS.ZS,Access to electricity (% of population),100.0
ARE,United Arab Emirates,2012,EG.ELC.ACCS.ZS,Access to electricity (% of population),100.0
ARE,United Arab Emirates,2011,EG.ELC.ACCS.ZS,Access to electricity (% of population),100.0
ARE,United Arab Emirates,2010,EG.ELC.ACCS.ZS,Access to electricity (% of population),100.0
ARE,United Arab Emirates,2009,EG.ELC.ACCS.ZS,Access to electricity (% of population),100.0
ARE,United Arab Emirates,2008,EG.ELC.ACCS.ZS,Access to electricity (% of population),100.0
ARE,United Arab Emirates,2007,EG.ELC.ACCS.ZS,Access to electricity (% of population),100.0
ARE,United Arab Emirates,2006,EG.ELC.ACCS.ZS,Access to electricity (% of population),100.0
ARE,United Arab Emirates,2005,EG.ELC.ACCS.ZS,Access to electricity (% of population),100.0
ARE,United Arab Emirates,2004,EG.ELC.ACCS.ZS,Access to electricity (% of population),100.0
ARE,United Arab Emirates,2003,EG.ELC.ACCS.ZS,Access to electricity (% of population),100.0
ARE,United Arab Emirates,2002,EG.ELC.ACCS.ZS,Access to electricity (% of population),100.0
ARE,United Arab Emirates,2001,EG.ELC.ACCS.ZS,Access to electricity (% of population),100.0
ARE,United Arab Emirates,2000,EG.ELC.ACCS.ZS,Access to electricity (% of population),100.0
ARE,United Arab Emirates,2023,EG.ELC.RNEW.ZS,Renewable electricity output (% of total),
ARE,United Arab Emirates,2022,EG.ELC.RNEW.ZS,Renewable electricity output (% of total),
ARE,United Arab Emirates,2021,EG.ELC.RNEW.ZS,Renewable electricity output (% of total),4.20134583903604
ARE,United Arab Emirates,2020,EG.ELC.RNEW.ZS,Renewable electricity output (% of total),3.78319860170417
ARE,United Arab Emirates,2019,EG.ELC.RNEW.ZS,Renewable electricity output (% of total),2.64586794169905
ARE,United Arab Emirates,2018,EG.ELC.RNEW.ZS,Renewable electricity output (% of total),0.885151528519123
ARE,United Arab Emirates,2017,EG.ELC.RNEW.ZS,Renewable electricity output (% of total),0.557695737471018
ARE,United Arab Emirates,2016,EG.ELC.RNEW.ZS,Renewable electricity output (% of total),0.248154120342867
ARE,United Arab Emirates,2015,EG.ELC.RNEW.ZS,Renewable electricity output (% of total),0.240204736895818
ARE,United Arab Emirates,2014,EG.ELC.RNEW.ZS,Renewable electricity output (% of total),0.263563430434596
ARE,United Arab Emirates,2013,EG.ELC.RNEW.ZS,Renewable electricity output (% of total),0.0783671985090231
ARE,United Arab Emirates,2012,EG.ELC.RNEW.ZS,Renewable electricity output (% of total),0.0223400048954077
ARE,United Arab Emirates,2011,EG.ELC.RNEW.ZS,Renewable electricity output (% of total),0.0225949948051686
ARE,United Arab Emirates,2010,EG.ELC.RNEW.ZS,Renewable electricity output (% of total),0.0196063821860797
ARE,United Arab Emirates,2009,EG.ELC.RNEW.ZS,Renewable electricity output (% of total),0.0074797544866858
ARE,United Arab Emirates,2008,EG.ELC.RNEW.ZS,Renewable electricity output (% of total),0.0
ARE,United Arab Emirates,2007,EG.ELC.RNEW.ZS,Renewable electricity output (% of total),0.0
ARE,United Arab Emirates,2006,EG.ELC.RNEW.ZS,Renewable electricity output (% of total),0.0
ARE,United Arab Emirates,2005,EG.ELC.RNEW.ZS,Renewable electricity output (% of total),0.0
ARE,United Arab Emirates,2004,EG.ELC.RNEW.ZS,Renewable electricity output (% of total),0.0
ARE,United Arab Emirates,2003,EG.ELC.RNEW.ZS,Renewable electricity output (% of total),0.0
ARE,United Arab Emirates,2002,EG.ELC.RNEW.ZS,Renewable electricity output (% of total),0.0
ARE,United Arab Emirates,2001,EG.ELC.RNEW.ZS,Renewable electricity output (% of total),0.0
ARE,United Arab Emirates,2000,EG.ELC.RNEW.ZS,Renewable electricity output (% of total),0.0
ARE,United Arab Emirates,2023,EN.GHG.CO2.PC.CE.AR5,CO2 emissions excluding LULUCF per capita (t CO2e/capita),18.3804823292732
ARE,United Arab Emirates,2022,EN.GHG.CO2.PC.CE.AR5,CO2 emissions excluding LULUCF per capita (t CO2e/capita),19.3731459635094
ARE,United Arab Emirates,2021,EN.GHG.CO2.PC.CE.AR5,CO2 emissions excluding LULUCF per capita (t CO2e/capita),20.8269278649571
ARE,United Arab Emirates,2020,EN.GHG.CO2.PC.CE.AR5,CO2 emissions excluding LULUCF per capita (t CO2e/capita),20.8141058466097
ARE,United Arab Emirates,2019,EN.GHG.CO2.PC.CE.AR5,CO2 emissions excluding LULUCF per capita (t CO2e/capita),20.945786930361
ARE,United Arab Emirates,2018,EN.GHG.CO2.PC.CE.AR5,CO2 emissions excluding LULUCF per capita (t CO2e/capita),20.0375833141554
ARE,United Arab Emirates,2017,EN.GHG.CO2.PC.CE.AR5,CO2 emissions excluding LULUCF per capita (t CO2e/capita),22.1639068763908
ARE,United Arab Emirates,2016,EN.GHG.CO2.PC.CE.AR5,CO2 emissions excluding LULUCF per capita (t CO2e/capita),23.7748451471417
ARE,United Arab Emirates,2015,EN.GHG.CO2.PC.CE.AR5,CO2 emissions excluding LULUCF per capita (t CO2e/capita),24.3205333372838
ARE,United Arab Emirates,2014,EN.GHG.CO2.PC.CE.AR5,CO2 emissions excluding LULUCF per capita (t CO2e/capita),24.5815838321273
ARE,United Arab Emirates,2013,EN.GHG.CO2.PC.CE.AR5,CO2 emissions excluding LULUCF per capita (t CO2e/capita),25.3545579109196
ARE,United Arab Emirates,2012,EN.GHG.CO2.PC.CE.AR5,CO2 emissions excluding LULUCF per capita (t CO2e/capita),25.0303188225095
ARE,United Arab Emirates,2011,EN.GHG.CO2.PC.CE.AR5,CO2 emissions excluding LULUCF per capita (t CO2e/capita),24.9498559934509
ARE,United Arab Emirates,2010,EN.GHG.CO2.PC.CE.AR5,CO2 emissions excluding LULUCF per capita (t CO2e/capita),25.0301244367043
ARE,United Arab Emirates,2009,EN.GHG.CO2.PC.CE.AR5,CO2 emissions excluding LULUCF per capita (t CO2e/capita),24.6511808903397
ARE,United Arab Emirates,2008,EN.GHG.CO2.PC.CE.AR5,CO2 emissions excluding LULUCF per capita (t CO2e/capita),26.0607102012736
ARE,United Arab Emirates,2007,EN.GHG.CO2.PC.CE.AR5,CO2 emissions excluding LULUCF per capita (t CO2e/capita),24.382755503246
ARE,United Arab Emirates,2006,EN.GHG.CO2.PC.CE.AR5,CO2 emissions excluding LULUCF per capita (t CO2e/capita),25.3932243317163
ARE,United Arab Emirates,2005,EN.GHG.CO2.PC.CE.AR5,CO2 emissions excluding LULUCF per capita (t CO2e/capita),26.2522643034306
ARE,United Arab Emirates,2004,EN.GHG.CO2.PC.CE.AR5,CO2 emissions excluding LULUCF per capita (t CO2e/capita),25.9698706267172
ARE,United Arab Emirates,2003,EN.GHG.CO2.PC.CE.AR5,CO2 emissions excluding LULUCF per capita (t CO2e/capita),25.956044391153
ARE,United Arab Emirates,2002,EN.GHG.CO2.PC.CE.AR5,CO2 emissions excluding LULUCF per capita (t CO2e/capita),26.1619793238318
ARE,United Arab Emirates,2001,EN.GHG.CO2.PC.CE.AR5,CO2 emissions excluding LULUCF per capita (t CO2e/capita),27.1939982651151
ARE,United Arab Emirates,2000,EN.GHG.CO2.PC.CE.AR5,CO2 emissions excluding LULUCF per capita (t CO2e/capita),25.3198800655489
JPN,Japan,2023,EG.ELC.ACCS.ZS,Access to electricity (% of population),100.0
JPN,Japan,2022,EG.ELC.ACCS.ZS,Access to electricity (% of population),100.0
JPN,Japan,2021,EG.ELC.ACCS.ZS,Access to electricity (% of population),100.0
JPN,Japan,2020,EG.ELC.ACCS.ZS,Access to electricity (% of population),100.0
JPN,Japan,2019,EG.ELC.ACCS.ZS,Access to electricity (% of population),100.0
JPN,Japan,2018,EG.ELC.ACCS.ZS,Access to electricity (% of population),100.0
JPN,Japan,2017,EG.ELC.ACCS.ZS,Access to electricity (% of population),100.0
JPN,Japan,2016,EG.ELC.ACCS.ZS,Access to electricity (% of population),100.0
JPN,Japan,2015,EG.ELC.ACCS.ZS,Access to electricity (% of population),100.0
JPN,Japan,2014,EG.ELC.ACCS.ZS,Access to electricity (% of population),100.0
JPN,Japan,2013,EG.ELC.ACCS.ZS,Access to electricity (% of population),100.0
JPN,Japan,2012,EG.ELC.ACCS.ZS,Access to electricity (% of population),100.0
JPN,Japan,2011,EG.ELC.ACCS.ZS,Access to electricity (% of population),100.0
JPN,Japan,2010,EG.ELC.ACCS.ZS,Access to electricity (% of population),100.0
JPN,Japan,2009,EG.ELC.ACCS.ZS,Access to electricity (% of population),100.0
JPN,Japan,2008,EG.ELC.ACCS.ZS,Access to electricity (% of population),100.0
JPN,Japan,2007,EG.ELC.ACCS.ZS,Access to electricity (% of population),100.0
JPN,Japan,2006,EG.ELC.ACCS.ZS,Access to electricity (% of population),100.0
JPN,Japan,2005,EG.ELC.ACCS.ZS,Access to electricity (% of population),100.0
JPN,Japan,2004,EG.ELC.ACCS.ZS,Access to electricity (% of population),100.0
JPN,Japan,2003,EG.ELC.ACCS.ZS,Access to electricity (% of population),100.0
JPN,Japan,2002,EG.ELC.ACCS.ZS,Access to electricity (% of population),100.0
JPN,Japan,2001,EG.ELC.ACCS.ZS,Access to electricity (% of population),100.0
JPN,Japan,2000,EG.ELC.ACCS.ZS,Access to electricity (% of population),100.0
JPN,Japan,2023,EG.ELC.RNEW.ZS,Renewable electricity output (% of total),
JPN,Japan,2022,EG.ELC.RNEW.ZS,Renewable electricity output (% of total),
JPN,Japan,2021,EG.ELC.RNEW.ZS,Renewable electricity output (% of total),21.1036678422205
JPN,Japan,2020,EG.ELC.RNEW.ZS,Renewable electricity output (% of total),20.2923691935508
JPN,Japan,2019,EG.ELC.RNEW.ZS,Renewable electricity output (% of total),18.5788056220746
JPN,Japan,2018,EG.ELC.RNEW.ZS,Renewable electricity output (% of total),17.0616438035159
JPN,Japan,2017,EG.ELC.RNEW.ZS,Renewable electricity output (% of total),16.1973831664999
JPN,Japan,2016,EG.ELC.RNEW.ZS,Renewable electricity output (% of total),14.6993686700037
JPN,Japan,2015,EG.ELC.RNEW.ZS,Renewable electricity output (% of total),14.178795710626
JPN,Japan,2014,EG.ELC.RNEW.ZS,Renewable electricity output (% of total),12.3603682310134
JPN,Japan,2013,EG.ELC.RNEW.ZS,Renewable electricity output (% of total),10.8588465871834
JPN,Japan,2012,EG.ELC.RNEW.ZS,Renewable electricity output (% of total),10.0761044938698
JPN,Japan,2011,EG.ELC.RNEW.ZS,Renewable electricity output (% of total),10.4970838682726
JPN,Japan,2010,EG.ELC.RNEW.ZS,Renewable electricity output (% of total),9.67870045350893
JPN,Japan,2009,EG.ELC.RNEW.ZS,Renewable electricity output (% of total),9.66559557477652
JPN,Japan,2008,EG.ELC.RNEW.ZS,Renewable electricity output (% of total),9.46142018753925
JPN,Japan,2007,EG.ELC.RNEW.ZS,Renewable electricity output (% of total),9.27298936641637
JPN,Japan,2006,EG.ELC.RNEW.ZS,Renewable electricity output (% of total),10.5870701137256
JPN,Japan,2005,EG.ELC.RNEW.ZS,Renewable electricity output (% of total),9.57878351712967
JPN,Japan,2004,EG.ELC.RNEW.ZS,Renewable electricity output (% of total),10.919454165101
JPN,Japan,2003,EG.ELC.RNEW.ZS,Renewable electricity output (% of total),11.2211333327667
JPN,Japan,2002,EG.ELC.RNEW.ZS,Renewable electricity output (% of total),9.85338824915103
JPN,Japan,2001,EG.ELC.RNEW.ZS,Renewable electricity output (% of total),10.1699450211479
JPN,Japan,2000,EG.ELC.RNEW.ZS,Renewable electricity output (% of total),10.2781393693635
JPN,Japan,2023,EN.GHG.CO2.PC.CE.AR5,CO2 emissions excluding LULUCF per capita (t CO2e/capita),8.05063579850566
JPN,Japan,2022,EN.GHG.CO2.PC.CE.AR5,CO2 emissions excluding LULUCF per capita (t CO2e/capita),8.3956307081074
JPN,Japan,2021,EN.GHG.CO2.PC.CE.AR5,CO2 emissions excluding LULUCF per capita (t CO2e/capita),8.5947828493867
JPN,Japan,2020,EN.GHG.CO2.PC.CE.AR5,CO2 emissions excluding LULUCF per capita (t CO2e/capita),8.39710520271501
JPN,Japan,2019,EN.GHG.CO2.PC.CE.AR5,CO2 emissions excluding LULUCF per capita (t CO2e/capita),8.87456666113888
JPN,Japan,2018,EN.GHG.CO2.PC.CE.AR5,CO2 emissions excluding LULUCF per capita (t CO2e/capita),9.17213648658239
JPN,Japan,2017,EN.GHG.CO2.PC.CE.AR5,CO2 emissions excluding LULUCF per capita (t CO2e/capita),9.55283290804272
JPN,Japan,2016,EN.GHG.CO2.PC.CE.AR5,CO2 emissions excluding LULUCF per capita (t CO2e/capita),9.66865261733136
JPN,Japan,2015,EN.GHG.CO2.PC.CE.AR5,CO2 emissions excluding LULUCF per capita (t CO2e/capita),9.69456115651128
JPN,Japan,2014,EN.GHG.CO2.PC.CE.AR5,CO2 emissions excluding LULUCF per capita (t CO2e/capita),10.0063625506773
JPN,Japan,2013,EN.GHG.CO2.PC.CE.AR5,CO2 emissions excluding LULUCF per capita (t CO2e/capita),10.3847926556554
JPN,Japan,2012,EN.GHG.CO2.PC.CE.AR5,CO2 emissions excluding LULUCF per capita (t CO2e/capita),10.2516011251361
JPN,Japan,2011,EN.GHG.CO2.PC.CE.AR5,CO2 emissions excluding LULUCF per capita (t CO2e/capita),9.93397401297005
JPN,Japan,2010,EN.GHG.CO2.PC.CE.AR5,CO2 emissions excluding LULUCF per capita (t CO2e/capita),9.50311626454283
JPN,Japan,2009,EN.GHG.CO2.PC.CE.AR5,CO2 emissions excluding LULUCF per capita (t CO2e/capita),9.03961045553586
JPN,Japan,2008,EN.GHG.CO2.PC.CE.AR5,CO2 emissions excluding LULUCF per capita (t CO2e/capita),9.53253711064086
JPN,Japan,2007,EN.GHG.CO2.PC.CE.AR5,CO2 emissions excluding LULUCF per capita (t CO2e/capita),10.0916024093562
JPN,Japan,2006,EN.GHG.CO2.PC.CE.AR5,CO2 emissions excluding LULUCF per capita (t CO2e/capita),9.82400472413847
JPN,Japan,2005,EN.GHG.CO2.PC.CE.AR5,CO2 emissions excluding LULUCF per capita (t CO2e/capita),10.0074734098753
JPN,Japan,2004,EN.GHG.CO2.PC.CE.AR5,CO2 emissions excluding LULUCF per capita (t CO2e/capita),9.91730575058116
JPN,Japan,2003,EN.GHG.CO2.PC.CE.AR5,CO2 emissions excluding LULUCF per capita (t CO2e/capita),9.95886797475689
JPN,Japan,2002,EN.GHG.CO2.PC.CE.AR5,CO2 emissions excluding LULUCF per capita (t CO2e/capita),9.92193416768018
JPN,Japan,2001,EN.GHG.CO2.PC.CE.AR5,CO2 emissions excluding LULUCF per capita (t CO2e/capita),9.67360734256659
JPN,Japan,2000,EN.GHG.CO2.PC.CE.AR5,CO2 emissions excluding LULUCF per capita (t CO2e/capita),9.80406329083986
KOR,"Korea, Rep.",2023,EG.ELC.ACCS.ZS,Access to electricity (% of population),100.0
KOR,"Korea, Rep.",2022,EG.ELC.ACCS.ZS,Access to electricity (% of population),100.0
KOR,"Korea, Rep.",2021,EG.ELC.ACCS.ZS,Access to electricity (% of population),100.0
KOR,"Korea, Rep.",2020,EG.ELC.ACCS.ZS,Access to electricity (% of population),100.0
KOR,"Korea, Rep.",2019,EG.ELC.ACCS.ZS,Access to electricity (% of population),100.0
KOR,"Korea, Rep.",2018,EG.ELC.ACCS.ZS,Access to electricity (% of population),100.0
KOR,"Korea, Rep.",2017,EG.ELC.ACCS.ZS,Access to electricity (% of population),100.0
KOR,"Korea, Rep.",2016,EG.ELC.ACCS.ZS,Access to electricity (% of population),100.0
KOR,"Korea, Rep.",2015,EG.ELC.ACCS.ZS,Access to electricity (% of population),100.0
KOR,"Korea, Rep.",2014,EG.ELC.ACCS.ZS,Access to electricity (% of population),100.0
KOR,"Korea, Rep.",2013,EG.ELC.ACCS.ZS,Access to electricity (% of population),100.0
KOR,"Korea, Rep.",2012,EG.ELC.ACCS.ZS,Access to electricity (% of population),100.0
KOR,"Korea, Rep.",2011,EG.ELC.ACCS.ZS,Access to electricity (% of population),100.0
KOR,"Korea, Rep.",2010,EG.ELC.ACCS.ZS,Access to electricity (% of population),100.0
KOR,"Korea, Rep.",2009,EG.ELC.ACCS.ZS,Access to electricity (% of population),100.0
KOR,"Korea, Rep.",2008,EG.ELC.ACCS.ZS,Access to electricity (% of population),100.0
KOR,"Korea, Rep.",2007,EG.ELC.ACCS.ZS,Access to electricity (% of population),100.0
KOR,"Korea, Rep.",2006,EG.ELC.ACCS.ZS,Access to electricity (% of population),100.0
KOR,"Korea, Rep.",2005,EG.ELC.ACCS.ZS,Access to electricity (% of population),100.0
KOR,"Korea, Rep.",2004,EG.ELC.ACCS.ZS,Access to electricity (% of population),100.0
KOR,"Korea, Rep.",2003,EG.ELC.ACCS.ZS,Access to electricity (% of population),100.0
KOR,"Korea, Rep.",2002,EG.ELC.ACCS.ZS,Access to electricity (% of population),100.0
KOR,"Korea, Rep.",2001,EG.ELC.ACCS.ZS,Access to electricity (% of population),100.0
KOR,"Korea, Rep.",2000,EG.ELC.ACCS.ZS,Access to electricity (% of population),100.0
KOR,"Korea, Rep.",2023,EG.ELC.RNEW.ZS,Renewable electricity output (% of total),
KOR,"Korea, Rep.",2022,EG.ELC.RNEW.ZS,Renewable electricity output (% of total),
KOR,"Korea, Rep.",2021,EG.ELC.RNEW.ZS,Renewable electricity output (% of total),6.58834768589831
KOR,"Korea, Rep.",2020,EG.ELC.RNEW.ZS,Renewable electricity output (% of total),6.23004780952926
KOR,"Korea, Rep.",2019,EG.ELC.RNEW.ZS,Renewable electricity output (% of total),5.27146426906108
KOR,"Korea, Rep.",2018,EG.ELC.RNEW.ZS,Renewable electricity output (% of total),4.53797018684571
KOR,"Korea, Rep.",2017,EG.ELC.RNEW.ZS,Renewable electricity output (% of total),3.97507067547113
KOR,"Korea, Rep.",2016,EG.ELC.RNEW.ZS,Renewable electricity output (% of total),3.51815763012004
KOR,"Korea, Rep.",2015,EG.ELC.RNEW.ZS,Renewable electricity output (% of total),2.59846041402281
KOR,"Korea, Rep.",2014,EG.ELC.RNEW.ZS,Renewable electricity output (% of total),2.52440823467489
KOR,"Korea, Rep.",2013,EG.ELC.RNEW.ZS,Renewable electricity output (% of total),2.39361038266386
KOR,"Korea, Rep.",2012,EG.ELC.RNEW.ZS,Renewable electricity output (% of total),2.09989950649846
KOR,"Korea, Rep.",2011,EG.ELC.RNEW.ZS,Renewable electricity output (% of total),2.0466332671046
KOR,"Korea, Rep.",2010,EG.ELC.RNEW.ZS,Renewable electricity output (% of total),1.88960082176325
KOR,"Korea, Rep.",2009,EG.ELC.RNEW.ZS,Renewable electricity output (% of total),1.72213081319407
KOR,"Korea, Rep.",2008,EG.ELC.RNEW.ZS,Renewable electricity output (% of total),1.62301759824585
KOR,"Korea, Rep.",2007,EG.ELC.RNEW.ZS,Renewable electricity output (% of total),1.47015351871194
KOR,"Korea, Rep.",2006,EG.ELC.RNEW.ZS,Renewable electricity output (% of total),1.4218289812567
KOR,"Korea, Rep.",2005,EG.ELC.RNEW.ZS,Renewable electricity output (% of total),1.43790883430735
KOR,"Korea, Rep.",2004,EG.ELC.RNEW.ZS,Renewable electricity output (% of total),1.66852928631973
KOR,"Korea, Rep.",2003,EG.ELC.RNEW.ZS,Renewable electricity output (% of total),2.05873343390032
KOR,"Korea, Rep.",2002,EG.ELC.RNEW.ZS,Renewable electricity output (% of total),1.68491069545361
KOR,"Korea, Rep.",2001,EG.ELC.RNEW.ZS,Renewable electricity output (% of total),1.96020895137366
KOR,"Korea, Rep.",2000,EG.ELC.RNEW.ZS,Renewable electricity output (% of total),1.97533853310966
KOR,"Korea, Rep.",2023,EN.GHG.CO2.PC.CE.AR5,CO2 emissions excluding LULUCF per capita (t CO2e/capita),11.4162657281001
KOR,"Korea, Rep.",2022,EN.GHG.CO2.PC.CE.AR5,CO2 emissions excluding LULUCF per capita (t CO2e/capita),11.8737409785064
KOR,"Korea, Rep.",2021,EN.GHG.CO2.PC.CE.AR5,CO2 emissions excluding LULUCF per capita (t CO2e/capita),12.3387268331673
KOR,"Korea, Rep.",2020,EN.GHG.CO2.PC.CE.AR5,CO2 emissions excluding LULUCF per capita (t CO2e/capita),11.9094442789339
KOR,"Korea, Rep.",2019,EN.GHG.CO2.PC.CE.AR5,CO2 emissions excluding LULUCF per capita (t CO2e/capita),12.6531894575046
KOR,"Korea, Rep.",2018,EN.GHG.CO2.PC.CE.AR5,CO2 emissions excluding LULUCF per capita (t CO2e/capita),13.1917269531809
KOR,"Korea, Rep.",2017,EN.GHG.CO2.PC.CE.AR5,CO2 emissions excluding LULUCF per capita (t CO2e/capita),12.952944838832
KOR,"Korea, Rep.",2016,EN.GHG.CO2.PC.CE.AR5,CO2 emissions excluding LULUCF per capita (t CO2e/capita),12.6677788190173
KOR,"Korea, Rep.",2015,EN.GHG.CO2.PC.CE.AR5,CO2 emissions excluding LULUCF per capita (t CO2e/capita),12.6198190502874
KOR,"Korea, Rep.",2014,EN.GHG.CO2.PC.CE.AR5,CO2 emissions excluding LULUCF per capita (t CO2e/capita),12.4261677995393
KOR,"Korea, Rep.",2013,EN.GHG.CO2.PC.CE.AR5,CO2 emissions excluding LULUCF per capita (t CO2e/capita),12.7317329769662
KOR,"Korea, Rep.",2012,EN.GHG.CO2.PC.CE.AR5,CO2 emissions excluding LULUCF per capita (t CO2e/capita),12.8528563619499
KOR,"Korea, Rep.",2011,EN.GHG.CO2.PC.CE.AR5,CO2 emissions excluding LULUCF per capita (t CO2e/capita),12.9702684429817
KOR,"Korea, Rep.",2010,EN.GHG.CO2.PC.CE.AR5,CO2 emissions excluding LULUCF per capita (t CO2e/capita),12.3690482033055
KOR,"Korea, Rep.",2009,EN.GHG.CO2.PC.CE.AR5,CO2 emissions excluding LULUCF per capita (t CO2e/capita),11.2836813865383
KOR,"Korea, Rep.",2008,EN.GHG.CO2.PC.CE.AR5,CO2 emissions excluding LULUCF per capita (t CO2e/capita),11.2602688410662
KOR,"Korea, Rep.",2007,EN.GHG.CO2.PC.CE.AR5,CO2 emissions excluding LULUCF per capita (t CO2e/capita),11.1126206303646
KOR,"Korea, Rep.",2006,EN.GHG.CO2.PC.CE.AR5,CO2 emissions excluding LULUCF per capita (t CO2e/capita),10.8117127664204
KOR,"Korea, Rep.",2005,EN.GHG.CO2.PC.CE.AR5,CO2 emissions excluding LULUCF per capita (t CO2e/capita),10.7084009751588
KOR,"Korea, Rep.",2004,EN.GHG.CO2.PC.CE.AR5,CO2 emissions excluding LULUCF per capita (t CO2e/capita),10.8037309775721
KOR,"Korea, Rep.",2003,EN.GHG.CO2.PC.CE.AR5,CO2 emissions excluding LULUCF per capita (t CO2e/capita),10.5024332706302
KOR,"Korea, Rep.",2002,EN.GHG.CO2.PC.CE.AR5,CO2 emissions excluding LULUCF per capita (t CO2e/capita),10.3782797747059
KOR,"Korea, Rep.",2001,EN.GHG.CO2.PC.CE.AR5,CO2 emissions excluding LULUCF per capita (t CO2e/capita),10.0719727295012
KOR,"Korea, Rep.",2000,EN.GHG.CO2.PC.CE.AR5,CO2 emissions excluding LULUCF per capita (t CO2e/capita),9.9217579706617
AUS,Australia,2023,EG.ELC.ACCS.ZS,Access to electricity (% of population),100.0
AUS,Australia,2022,EG.ELC.ACCS.ZS,Access to electricity (% of population),100.0
AUS,Australia,2021,EG.ELC.ACCS.ZS,Access to electricity (% of population),100.0
AUS,Australia,2020,EG.ELC.ACCS.ZS,Access to electricity (% of population),100.0
AUS,Australia,2019,EG.ELC.ACCS.ZS,Access to electricity (% of population),100.0
AUS,Australia,2018,EG.ELC.ACCS.ZS,Access to electricity (% of population),100.0
AUS,Australia,2017,EG.ELC.ACCS.ZS,Access to electricity (% of population),100.0
AUS,Australia,2016,EG.ELC.ACCS.ZS,Access to electricity (% of population),100.0
AUS,Australia,2015,EG.ELC.ACCS.ZS,Access to electricity (% of population),100.0
AUS,Australia,2014,EG.ELC.ACCS.ZS,Access to electricity (% of population),100.0
AUS,Australia,2013,EG.ELC.ACCS.ZS,Access to electricity (% of population),100.0
AUS,Australia,2012,EG.ELC.ACCS.ZS,Access to electricity (% of population),100.0
AUS,Australia,2011,EG.ELC.ACCS.ZS,Access to electricity (% of population),100.0
AUS,Australia,2010,EG.ELC.ACCS.ZS,Access to electricity (% of population),100.0
AUS,Australia,2009,EG.ELC.ACCS.ZS,Access to electricity (% of population),100.0
AUS,Australia,2008,EG.ELC.ACCS.ZS,Access to electricity (% of population),100.0
AUS,Australia,2007,EG.ELC.ACCS.ZS,Access to electricity (% of population),100.0
AUS,Australia,2006,EG.ELC.ACCS.ZS,Access to electricity (% of population),100.0
AUS,Australia,2005,EG.ELC.ACCS.ZS,Access to electricity (% of population),100.0
AUS,Australia,2004,EG.ELC.ACCS.ZS,Access to electricity (% of population),100.0
AUS,Australia,2003,EG.ELC.ACCS.ZS,Access to electricity (% of population),100.0
AUS,Australia,2002,EG.ELC.ACCS.ZS,Access to electricity (% of population),100.0
AUS,Australia,2001,EG.ELC.ACCS.ZS,Access to electricity (% of population),100.0
AUS,Australia,2000,EG.ELC.ACCS.ZS,Access to electricity (% of population),100.0
AUS,Australia,2023,EG.ELC.RNEW.ZS,Renewable electricity output (% of total),
AUS,Australia,2022,EG.ELC.RNEW.ZS,Renewable electricity output (% of total),
AUS,Australia,2021,EG.ELC.RNEW.ZS,Renewable electricity output (% of total),26.6608674695166
AUS,Australia,2020,EG.ELC.RNEW.ZS,Renewable electricity output (% of total),22.6002911252065
AUS,Australia,2019,EG.ELC.RNEW.ZS,Renewable electricity output (% of total),19.7037412982055
AUS,Australia,2018,EG.ELC.RNEW.ZS,Renewable electricity output (% of total),17.0970979406717
AUS,Australia,2017,EG.ELC.RNEW.ZS,Renewable electricity output (% of total),15.6784702494681
AUS,Australia,2016,EG.ELC.RNEW.ZS,Renewable electricity output (% of total),14.5835767304562
AUS,Australia,2015,EG.ELC.RNEW.ZS,Renewable electricity output (% of total),13.3253353778438
AUS,Australia,2014,EG.ELC.RNEW.ZS,Renewable electricity output (% of total),14.6168601716305
AUS,Australia,2013,EG.ELC.RNEW.ZS,Renewable electricity output (% of total),13.1701197247173
AUS,Australia,2012,EG.ELC.RNEW.ZS,Renewable electricity output (% of total),10.5266932270916
AUS,Australia,2011,EG.ELC.RNEW.ZS,Renewable electricity output (% of total),10.3928534854226
AUS,Australia,2010,EG.ELC.RNEW.ZS,Renewable electricity output (% of total),8.61549665361888
AUS,Australia,2009,EG.ELC.RNEW.ZS,Renewable electricity output (% of total),7.52290842272387
AUS,Australia,2008,EG.ELC.RNEW.ZS,Renewable electricity output (% of total),8.17116943027123
AUS,Australia,2007,EG.ELC.RNEW.ZS,Renewable electricity output (% of total),8.71494548789465
AUS,Australia,2006,EG.ELC.RNEW.ZS,Renewable electricity output (% of total),9.33943220375381
AUS,Australia,2005,EG.ELC.RNEW.ZS,Renewable electricity output (% of total),8.92460091843429
AUS,Australia,2004,EG.ELC.RNEW.ZS,Renewable electricity output (% of total),8.27551940604288
AUS,Australia,2003,EG.ELC.RNEW.ZS,Renewable electricity output (% of total),8.53031222543274
AUS,Australia,2002,EG.ELC.RNEW.ZS,Renewable electricity output (% of total),7.93263167146404
AUS,Australia,2001,EG.ELC.RNEW.ZS,Renewable electricity output (% of total),8.24987201460146
AUS,Australia,2000,EG.ELC.RNEW.ZS,Renewable electricity output (% of total),8.53855887053809
AUS,Australia,2023,EN.GHG.CO2.PC.CE.AR5,CO2 emissions excluding LULUCF per capita (t CO2e/capita),14.1596700845561
AUS,Australia,2022,EN.GHG.CO2.PC.CE.AR5,CO2 emissions excluding LULUCF per capita (t CO2e/capita),14.530502863688
AUS,Australia,2021,EN.GHG.CO2.PC.CE.AR5,CO2 emissions excluding LULUCF per capita (t CO2e/capita),14.9787241100123
AUS,Australia,2020,EN.GHG.CO2.PC.CE.AR5,CO2 emissions excluding LULUCF per capita (t CO2e/capita),15.3043785143331
AUS,Australia,2019,EN.GHG.CO2.PC.CE.AR5,CO2 emissions excluding LULUCF per capita (t CO2e/capita),16.1007065925773
AUS,Australia,2018,EN.GHG.CO2.PC.CE.AR5,CO2 emissions excluding LULUCF per capita (t CO2e/capita),16.3939979308791
AUS,Australia,2017,EN.GHG.CO2.PC.CE.AR5,CO2 emissions excluding LULUCF per capita (t CO2e/capita),16.7209445382487
AUS,Australia,2016,EN.GHG.CO2.PC.CE.AR5,CO2 emissions excluding LULUCF per capita (t CO2e/capita),16.8911897350521
AUS,Australia,2015,EN.GHG.CO2.PC.CE.AR5,CO2 emissions excluding LULUCF per capita (t CO2e/capita),16.8219551608068
AUS,Australia,2014,EN.GHG.CO2.PC.CE.AR5,CO2 emissions excluding LULUCF per capita (t CO2e/capita),16.8873574131124
AUS,Australia,2013,EN.GHG.CO2.PC.CE.AR5,CO2 emissions excluding LULUCF per capita (t CO2e/capita),17.5432435542019
AUS,Australia,2012,EN.GHG.CO2.PC.CE.AR5,CO2 emissions excluding LULUCF per capita (t CO2e/capita),18.1834489375025
AUS,Australia,2011,EN.GHG.CO2.PC.CE.AR5,CO2 emissions excluding LULUCF per capita (t CO2e/capita),18.480821685778
AUS,Australia,2010,EN.GHG.CO2.PC.CE.AR5,CO2 emissions excluding LULUCF per capita (t CO2e/capita),18.8509537372201
AUS,Australia,2009,EN.GHG.CO2.PC.CE.AR5,CO2 emissions excluding LULUCF per capita (t CO2e/capita),18.9151698120932
AUS,Australia,2008,EN.GHG.CO2.PC.CE.AR5,CO2 emissions excluding LULUCF per capita (t CO2e/capita),19.02811960112
AUS,Australia,2007,EN.GHG.CO2.PC.CE.AR5,CO2 emissions excluding LULUCF per capita (t CO2e/capita),19.2389222350972
AUS,Australia,2006,EN.GHG.CO2.PC.CE.AR5,CO2 emissions excluding LULUCF per capita (t CO2e/capita),19.0793285754815
AUS,Australia,2005,EN.GHG.CO2.PC.CE.AR5,CO2 emissions excluding LULUCF per capita (t CO2e/capita),19.0378039300894
AUS,Australia,2004,EN.GHG.CO2.PC.CE.AR5,CO2 emissions excluding LULUCF per capita (t CO2e/capita),19.1634087908315
AUS,Australia,2003,EN.GHG.CO2.PC.CE.AR5,CO2 emissions excluding LULUCF per capita (t CO2e/capita),18.6676694689453
AUS,Australia,2002,EN.GHG.CO2.PC.CE.AR5,CO2 emissions excluding LULUCF per capita (t CO2e/capita),18.9093269577501
AUS,Australia,2001,EN.GHG.CO2.PC.CE.AR5,CO2 emissions excluding LULUCF per capita (t CO2e/capita),18.6995326153179
AUS,Australia,2000,EN.GHG.CO2.PC.CE.AR5,CO2 emissions excluding LULUCF per capita (t CO2e/capita),18.5978917642845
MEX,Mexico,2023,EG.ELC.ACCS.ZS,Access to electricity (% of population),99.7
MEX,Mexico,2022,EG.ELC.ACCS.ZS,Access to electricity (% of population),100.0
MEX,Mexico,2021,EG.ELC.ACCS.ZS,Access to electricity (% of population),100.0
MEX,Mexico,2020,EG.ELC.ACCS.ZS,Access to electricity (% of population),99.4
MEX,Mexico,2019,EG.ELC.ACCS.ZS,Access to electricity (% of population),99.6
MEX,Mexico,2018,EG.ELC.ACCS.ZS,Access to electricity (% of population),99.5
MEX,Mexico,2017,EG.ELC.ACCS.ZS,Access to electricity (% of population),100.0
MEX,Mexico,2016,EG.ELC.ACCS.ZS,Access to electricity (% of population),99.5
MEX,Mexico,2015,EG.ELC.ACCS.ZS,Access to electricity (% of population),99.0
MEX,Mexico,2014,EG.ELC.ACCS.ZS,Access to electricity (% of population),99.2
MEX,Mexico,2013,EG.ELC.ACCS.ZS,Access to electricity (% of population),99.1
MEX,Mexico,2012,EG.ELC.ACCS.ZS,Access to electricity (% of population),99.1
MEX,Mexico,2011,EG.ELC.ACCS.ZS,Access to electricity (% of population),99.0
MEX,Mexico,2010,EG.ELC.ACCS.ZS,Access to electricity (% of population),99.2
MEX,Mexico,2009,EG.ELC.ACCS.ZS,Access to electricity (% of population),98.3
MEX,Mexico,2008,EG.ELC.ACCS.ZS,Access to electricity (% of population),98.9
MEX,Mexico,2007,EG.ELC.ACCS.ZS,Access to electricity (% of population),97.9
MEX,Mexico,2006,EG.ELC.ACCS.ZS,Access to electricity (% of population),99.1
MEX,Mexico,2005,EG.ELC.ACCS.ZS,Access to electricity (% of population),98.9
MEX,Mexico,2004,EG.ELC.ACCS.ZS,Access to electricity (% of population),98.6
MEX,Mexico,2003,EG.ELC.ACCS.ZS,Access to electricity (% of population),97.4
MEX,Mexico,2002,EG.ELC.ACCS.ZS,Access to electricity (% of population),97.9
MEX,Mexico,2001,EG.ELC.ACCS.ZS,Access to electricity (% of population),97.1
MEX,Mexico,2000,EG.ELC.ACCS.ZS,Access to electricity (% of population),98.0
MEX,Mexico,2023,EG.ELC.RNEW.ZS,Renewable electricity output (% of total),
MEX,Mexico,2022,EG.ELC.RNEW.ZS,Renewable electricity output (% of total),
MEX,Mexico,2021,EG.ELC.RNEW.ZS,Renewable electricity output (% of total),23.3762297959545
MEX,Mexico,2020,EG.ELC.RNEW.ZS,Renewable electricity output (% of total),20.7528854217573
MEX,Mexico,2019,EG.ELC.RNEW.ZS,Renewable electricity output (% of total),16.8771361269016
MEX,Mexico,2018,EG.ELC.RNEW.ZS,Renewable electricity output (% of total),15.907939491332
MEX,Mexico,2017,EG.ELC.RNEW.ZS,Renewable electricity output (% of total),15.9609952530472
MEX,Mexico,2016,EG.ELC.RNEW.ZS,Renewable electricity output (% of total),15.2957004707103
MEX,Mexico,2015,EG.ELC.RNEW.ZS,Renewable electricity output (% of total),15.2646075424702
MEX,Mexico,2014,EG.ELC.RNEW.ZS,Renewable electricity output (% of total),17.5321613957114
MEX,Mexico,2013,EG.ELC.RNEW.ZS,Renewable electricity output (% of total),13.2974152863029
MEX,Mexico,2012,EG.ELC.RNEW.ZS,Renewable electricity output (% of total),13.7854387797947
MEX,Mexico,2011,EG.ELC.RNEW.ZS,Renewable electricity output (% of total),14.8882176324282
MEX,Mexico,2010,EG.ELC.RNEW.ZS,Renewable electricity output (% of total),16.6020244105147
MEX,Mexico,2009,EG.ELC.RNEW.ZS,Renewable electricity output (% of total),12.9470743558429
MEX,Mexico,2008,EG.ELC.RNEW.ZS,Renewable electricity output (% of total),17.5374395686819
MEX,Mexico,2007,EG.ELC.RNEW.ZS,Renewable electricity output (% of total),14.0887356703145
MEX,Mexico,2006,EG.ELC.RNEW.ZS,Renewable electricity output (% of total),15.3321088746747
MEX,Mexico,2005,EG.ELC.RNEW.ZS,Renewable electricity output (% of total),15.1954515727685
MEX,Mexico,2004,EG.ELC.RNEW.ZS,Renewable electricity output (% of total),14.4424516905671
MEX,Mexico,2003,EG.ELC.RNEW.ZS,Renewable electricity output (% of total),12.1198939957751
MEX,Mexico,2002,EG.ELC.RNEW.ZS,Renewable electricity output (% of total),15.0462375298436
MEX,Mexico,2001,EG.ELC.RNEW.ZS,Renewable electricity output (% of total),17.0973512533413
MEX,Mexico,2000,EG.ELC.RNEW.ZS,Renewable electricity output (% of total),19.7951574085329
MEX,Mexico,2023,EN.GHG.CO2.PC.CE.AR5,CO2 emissions excluding LULUCF per capita (t CO2e/capita),3.66576524934041
MEX,Mexico,2022,EN.GHG.CO2.PC.CE.AR5,CO2 emissions excluding LULUCF per capita (t CO2e/capita),3.52183828963573
MEX,Mexico,2021,EN.GHG.CO2.PC.CE.AR5,CO2 emissions excluding LULUCF per capita (t CO2e/capita),3.54662489893704
MEX,Mexico,2020,EN.GHG.CO2.PC.CE.AR5,CO2 emissions excluding LULUCF per capita (t CO2e/capita),3.46247141559905
MEX,Mexico,2019,EN.GHG.CO2.PC.CE.AR5,CO2 emissions excluding LULUCF per capita (t CO2e/capita),3.92542377851696
MEX,Mexico,2018,EN.GHG.CO2.PC.CE.AR5,CO2 emissions excluding LULUCF per capita (t CO2e/capita),3.83831705872518
MEX,Mexico,2017,EN.GHG.CO2.PC.CE.AR5,CO2 emissions excluding LULUCF per capita (t CO2e/capita),4.05743329599921
MEX,Mexico,2016,EN.GHG.CO2.PC.CE.AR5,CO2 emissions excluding LULUCF per capita (t CO2e/capita),4.06104469144067
MEX,Mexico,2015,EN.GHG.CO2.PC.CE.AR5,CO2 emissions excluding LULUCF per capita (t CO2e/capita),4.05069677949307
MEX,Mexico,2014,EN.GHG.CO2.PC.CE.AR5,CO2 emissions excluding LULUCF per capita (t CO2e/capita),4.01481960973153
MEX,Mexico,2013,EN.GHG.CO2.PC.CE.AR5,CO2 emissions excluding LULUCF per capita (t CO2e/capita),4.17443117084187
MEX,Mexico,2012,EN.GHG.CO2.PC.CE.AR5,CO2 emissions excluding LULUCF per capita (t CO2e/capita),4.33350424276325
MEX,Mexico,2011,EN.GHG.CO2.PC.CE.AR5,CO2 emissions excluding LULUCF per capita (t CO2e/capita),4.22179978144365
MEX,Mexico,2010,EN.GHG.CO2.PC.CE.AR5,CO2 emissions excluding LULUCF per capita (t CO2e/capita),4.19755809286418
MEX,Mexico,2009,EN.GHG.CO2.PC.CE.AR5,CO2 emissions excluding LULUCF per capita (t CO2e/capita),4.12122098054155
MEX,Mexico,2008,EN.GHG.CO2.PC.CE.AR5,CO2 emissions excluding LULUCF per capita (t CO2e/capita),4.27910076303278
MEX,Mexico,2007,EN.GHG.CO2.PC.CE.AR5,CO2 emissions excluding LULUCF per capita (t CO2e/capita),4.32899168517287
MEX,Mexico,2006,EN.GHG.CO2.PC.CE.AR5,CO2 emissions excluding LULUCF per capita (t CO2e/capita),4.32571227914951
MEX,Mexico,2005,EN.GHG.CO2.PC.CE.AR5,CO2 emissions excluding LULUCF per capita (t CO2e/capita),4.22758379844974
MEX,Mexico,2004,EN.GHG.CO2.PC.CE.AR5,CO2 emissions excluding LULUCF per capita (t CO2e/capita),4.12339368005276
MEX,Mexico,2003,EN.GHG.CO2.PC.CE.AR5,CO2 emissions excluding LULUCF per capita (t CO2e/capita),4.08541432161845
MEX,Mexico,2002,EN.GHG.CO2.PC.CE.AR5,CO2 emissions excluding LULUCF per capita (t CO2e/capita),3.94830756150866
MEX,Mexico,2001,EN.GHG.CO2.PC.CE.AR5,CO2 emissions excluding LULUCF per capita (t CO2e/capita),3.94395058441036
MEX,Mexico,2000,EN.GHG.CO2.PC.CE.AR5,CO2 emissions excluding LULUCF per capita (t CO2e/capita),4.02272121123337
RUS,Russian Federation,2023,EG.ELC.ACCS.ZS,Access to electricity (% of population),100.0
RUS,Russian Federation,2022,EG.ELC.ACCS.ZS,Access to electricity (% of population),100.0
RUS,Russian Federation,2021,EG.ELC.ACCS.ZS,Access to electricity (% of population),100.0
RUS,Russian Federation,2020,EG.ELC.ACCS.ZS,Access to electricity (% of population),99.9
RUS,Russian Federation,2019,EG.ELC.ACCS.ZS,Access to electricity (% of population),99.8
RUS,Russian Federation,2018,EG.ELC.ACCS.ZS,Access to electricity (% of population),100.0
RUS,Russian Federation,2017,EG.ELC.ACCS.ZS,Access to electricity (% of population),100.0
RUS,Russian Federation,2016,EG.ELC.ACCS.ZS,Access to electricity (% of population),99.4
RUS,Russian Federation,2015,EG.ELC.ACCS.ZS,Access to electricity (% of population),95.5
RUS,Russian Federation,2014,EG.ELC.ACCS.ZS,Access to electricity (% of population),100.0
RUS,Russian Federation,2013,EG.ELC.ACCS.ZS,Access to electricity (% of population),100.0
RUS,Russian Federation,2012,EG.ELC.ACCS.ZS,Access to electricity (% of population),100.0
RUS,Russian Federation,2011,EG.ELC.ACCS.ZS,Access to electricity (% of population),99.2
RUS,Russian Federation,2010,EG.ELC.ACCS.ZS,Access to electricity (% of population),99.3
RUS,Russian Federation,2009,EG.ELC.ACCS.ZS,Access to electricity (% of population),98.4
RUS,Russian Federation,2008,EG.ELC.ACCS.ZS,Access to electricity (% of population),98.3
RUS,Russian Federation,2007,EG.ELC.ACCS.ZS,Access to electricity (% of population),98.2
RUS,Russian Federation,2006,EG.ELC.ACCS.ZS,Access to electricity (% of population),98.1
RUS,Russian Federation,2005,EG.ELC.ACCS.ZS,Access to electricity (% of population),98.0
RUS,Russian Federation,2004,EG.ELC.ACCS.ZS,Access to electricity (% of population),98.0
RUS,Russian Federation,2003,EG.ELC.ACCS.ZS,Access to electricity (% of population),97.9
RUS,Russian Federation,2002,EG.ELC.ACCS.ZS,Access to electricity (% of population),97.9
RUS,Russian Federation,2001,EG.ELC.ACCS.ZS,Access to electricity (% of population),97.9
RUS,Russian Federation,2000,EG.ELC.ACCS.ZS,Access to electricity (% of population),97.8
RUS,Russian Federation,2023,EG.ELC.RNEW.ZS,Renewable electricity output (% of total),
RUS,Russian Federation,2022,EG.ELC.RNEW.ZS,Renewable electricity output (% of total),
RUS,Russian Federation,2021,EG.ELC.RNEW.ZS,Renewable electricity output (% of total),19.1544751840582
RUS,Russian Federation,2020,EG.ELC.RNEW.ZS,Renewable electricity output (% of total),20.0765885357637
RUS,Russian Federation,2019,EG.ELC.RNEW.ZS,Renewable electricity output (% of total),17.7904389866357
RUS,Russian Federation,2018,EG.ELC.RNEW.ZS,Renewable electricity output (% of total),17.5128908530499
RUS,Russian Federation,2017,EG.ELC.RNEW.ZS,Renewable electricity output (% of total),17.2774388460807
RUS,Russian Federation,2016,EG.ELC.RNEW.ZS,Renewable electricity output (% of total),17.267672068878
RUS,Russian Federation,2015,EG.ELC.RNEW.ZS,Renewable electricity output (% of total),16.0860086328994
RUS,Russian Federation,2014,EG.ELC.RNEW.ZS,Renewable electricity output (% of total),16.8125392898186
RUS,Russian Federation,2013,EG.ELC.RNEW.ZS,Renewable electricity output (% of total),17.4044757207117
RUS,Russian Federation,2012,EG.ELC.RNEW.ZS,Renewable electricity output (% of total),15.7505281423771
RUS,Russian Federation,2011,EG.ELC.RNEW.ZS,Renewable electricity output (% of total),16.083166392514
RUS,Russian Federation,2010,EG.ELC.RNEW.ZS,Renewable electricity output (% of total),16.4167991291196
RUS,Russian Federation,2009,EG.ELC.RNEW.ZS,Renewable electricity output (% of total),17.9528216294683
RUS,Russian Federation,2008,EG.ELC.RNEW.ZS,Renewable electricity output (% of total),16.2117737862837
RUS,Russian Federation,2007,EG.ELC.RNEW.ZS,Renewable electricity output (% of total),17.8079733447056
RUS,Russian Federation,2006,EG.ELC.RNEW.ZS,Renewable electricity output (% of total),17.7856142937194
RUS,Russian Federation,2005,EG.ELC.RNEW.ZS,Renewable electricity output (% of total),18.4826269612606
RUS,Russian Federation,2004,EG.ELC.RNEW.ZS,Renewable electricity output (% of total),19.2200533339057
RUS,Russian Federation,2003,EG.ELC.RNEW.ZS,Renewable electricity output (% of total),17.3491224355714
RUS,Russian Federation,2002,EG.ELC.RNEW.ZS,Renewable electricity output (% of total),18.5349837594036
RUS,Russian Federation,2001,EG.ELC.RNEW.ZS,Renewable electricity output (% of total),19.8380426440955
RUS,Russian Federation,2000,EG.ELC.RNEW.ZS,Renewable electricity output (% of total),18.9408099652983
RUS,Russian Federation,2023,EN.GHG.CO2.PC.CE.AR5,CO2 emissions excluding LULUCF per capita (t CO2e/capita),13.5462339145189
RUS,Russian Federation,2022,EN.GHG.CO2.PC.CE.AR5,CO2 emissions excluding LULUCF per capita (t CO2e/capita),13.1413838368291
RUS,Russian Federation,2021,EN.GHG.CO2.PC.CE.AR5,CO2 emissions excluding LULUCF per capita (t CO2e/capita),13.3920757412176
RUS,Russian Federation,2020,EN.GHG.CO2.PC.CE.AR5,CO2 emissions excluding LULUCF per capita (t CO2e/capita),12.2840530273686
RUS,Russian Federation,2019,EN.GHG.CO2.PC.CE.AR5,CO2 emissions excluding LULUCF per capita (t CO2e/capita),12.7738739166789
RUS,Russian Federation,2018,EN.GHG.CO2.PC.CE.AR5,CO2 emissions excluding LULUCF per capita (t CO2e/capita),12.5939247104085
RUS,Russian Federation,2017,EN.GHG.CO2.PC.CE.AR5,CO2 emissions excluding LULUCF per capita (t CO2e/capita),12.1357322425004
RUS,Russian Federation,2016,EN.GHG.CO2.PC.CE.AR5,CO2 emissions excluding LULUCF per capita (t CO2e/capita),11.961746699283
RUS,Russian Federation,2015,EN.GHG.CO2.PC.CE.AR5,CO2 emissions excluding LULUCF per capita (t CO2e/capita),12.1481277789029
RUS,Russian Federation,2014,EN.GHG.CO2.PC.CE.AR5,CO2 emissions excluding LULUCF per capita (t CO2e/capita),12.1341694161707
RUS,Russian Federation,2013,EN.GHG.CO2.PC.CE.AR5,CO2 emissions excluding LULUCF per capita (t CO2e/capita),12.2682756012668
RUS,Russian Federation,2012,EN.GHG.CO2.PC.CE.AR5,CO2 emissions excluding LULUCF per capita (t CO2e/capita),12.6922981666833
RUS,Russian Federation,2011,EN.GHG.CO2.PC.CE.AR5,CO2 emissions excluding LULUCF per capita (t CO2e/capita),12.8138402250147
RUS,Russian Federation,2010,EN.GHG.CO2.PC.CE.AR5,CO2 emissions excluding LULUCF per capita (t CO2e/capita),12.2289345872818
RUS,Russian Federation,2009,EN.GHG.CO2.PC.CE.AR5,CO2 emissions excluding LULUCF per capita (t CO2e/capita),11.6405620274147
RUS,Russian Federation,2008,EN.GHG.CO2.PC.CE.AR5,CO2 emissions excluding LULUCF per capita (t CO2e/capita),12.3604193305861
RUS,Russian Federation,2007,EN.GHG.CO2.PC.CE.AR5,CO2 emissions excluding LULUCF per capita (t CO2e/capita),12.4578591772281
RUS,Russian Federation,2006,EN.GHG.CO2.PC.CE.AR5,CO2 emissions excluding LULUCF per capita (t CO2e/capita),12.4166473767424
RUS,Russian Federation,2005,EN.GHG.CO2.PC.CE.AR5,CO2 emissions excluding LULUCF per capita (t CO2e/capita),12.1189832296134
RUS,Russian Federation,2004,EN.GHG.CO2.PC.CE.AR5,CO2 emissions excluding LULUCF per capita (t CO2e/capita),12.0698465708905
RUS,Russian Federation,2003,EN.GHG.CO2.PC.CE.AR5,CO2 emissions excluding LULUCF per capita (t CO2e/capita),12.0101555342893
RUS,Russian Federation,2002,EN.GHG.CO2.PC.CE.AR5,CO2 emissions excluding LULUCF per capita (t CO2e/capita),11.5293860535362
RUS,Russian Federation,2001,EN.GHG.CO2.PC.CE.AR5,CO2 emissions excluding LULUCF per capita (t CO2e/capita),11.5380010322485
RUS,Russian Federation,2000,EN.GHG.CO2.PC.CE.AR5,CO2 emissions excluding LULUCF per capita (t CO2e/capita),11.4678581573253
IDN,Indonesia,2023,EG.ELC.ACCS.ZS,Access to electricity (% of population),99.4
IDN,Indonesia,2022,EG.ELC.ACCS.ZS,Access to electricity (% of population),100.0
IDN,Indonesia,2021,EG.ELC.ACCS.ZS,Access to electricity (% of population),99.2
IDN,Indonesia,2020,EG.ELC.ACCS.ZS,Access to electricity (% of population),97.0
IDN,Indonesia,2019,EG.ELC.ACCS.ZS,Access to electricity (% of population),98.8
IDN,Indonesia,2018,EG.ELC.ACCS.ZS,Access to electricity (% of population),98.5
IDN,Indonesia,2017,EG.ELC.ACCS.ZS,Access to electricity (% of population),98.1
IDN,Indonesia,2016,EG.ELC.ACCS.ZS,Access to electricity (% of population),97.6
IDN,Indonesia,2015,EG.ELC.ACCS.ZS,Access to electricity (% of population),97.5
IDN,Indonesia,2014,EG.ELC.ACCS.ZS,Access to electricity (% of population),97.0
IDN,Indonesia,2013,EG.ELC.ACCS.ZS,Access to electricity (% of population),96.5
IDN,Indonesia,2012,EG.ELC.ACCS.ZS,Access to electricity (% of population),96.0
IDN,Indonesia,2011,EG.ELC.ACCS.ZS,Access to electricity (% of population),94.8
IDN,Indonesia,2010,EG.ELC.ACCS.ZS,Access to electricity (% of population),94.2
IDN,Indonesia,2009,EG.ELC.ACCS.ZS,Access to electricity (% of population),93.6
IDN,Indonesia,2008,EG.ELC.ACCS.ZS,Access to electricity (% of population),92.7
IDN,Indonesia,2007,EG.ELC.ACCS.ZS,Access to electricity (% of population),91.1
IDN,Indonesia,2006,EG.ELC.ACCS.ZS,Access to electricity (% of population),90.6
IDN,Indonesia,2005,EG.ELC.ACCS.ZS,Access to electricity (% of population),84.8
IDN,Indonesia,2004,EG.ELC.ACCS.ZS,Access to electricity (% of population),89.0
IDN,Indonesia,2003,EG.ELC.ACCS.ZS,Access to electricity (% of population),87.9
IDN,Indonesia,2002,EG.ELC.ACCS.ZS,Access to electricity (% of population),87.6
IDN,Indonesia,2001,EG.ELC.ACCS.ZS,Access to electricity (% of population),86.3
IDN,Indonesia,2000,EG.ELC.ACCS.ZS,Access to electricity (% of population),86.3
IDN,Indonesia,2023,EG.ELC.RNEW.ZS,Renewable electricity output (% of total),
IDN,Indonesia,2022,EG.ELC.RNEW.ZS,Renewable electricity output (% of total),
IDN,Indonesia,2021,EG.ELC.RNEW.ZS,Renewable electricity output (% of total),15.5300398228856
IDN,Indonesia,2020,EG.ELC.RNEW.ZS,Renewable electricity output (% of total),15.8206622268759
IDN,Indonesia,2019,EG.ELC.RNEW.ZS,Renewable electricity output (% of total),14.5841228957778
IDN,Indonesia,2018,EG.ELC.RNEW.ZS,Renewable electricity output (% of total),15.5999106611078
IDN,Indonesia,2017,EG.ELC.RNEW.ZS,Renewable electricity output (% of total),15.7714127577141
IDN,Indonesia,2016,EG.ELC.RNEW.ZS,Renewable electricity output (% of total),15.1437457097094
IDN,Indonesia,2015,EG.ELC.RNEW.ZS,Renewable electricity output (% of total),13.6593504639543
IDN,Indonesia,2014,EG.ELC.RNEW.ZS,Renewable electricity output (% of total),14.5086391000202
IDN,Indonesia,2013,EG.ELC.RNEW.ZS,Renewable electricity output (% of total),15.912612809934
IDN,Indonesia,2012,EG.ELC.RNEW.ZS,Renewable electricity output (% of total),15.0475301495417
IDN,Indonesia,2011,EG.ELC.RNEW.ZS,Renewable electricity output (% of total),16.0083592484018
IDN,Indonesia,2010,EG.ELC.RNEW.ZS,Renewable electricity output (% of total),19.5994746504731
IDN,Indonesia,2009,EG.ELC.RNEW.ZS,Renewable electricity output (% of total),17.123464349956
IDN,Indonesia,2008,EG.ELC.RNEW.ZS,Renewable electricity output (% of total),17.6652893668886
IDN,Indonesia,2007,EG.ELC.RNEW.ZS,Renewable electricity output (% of total),17.1079767289713
IDN,Indonesia,2006,EG.ELC.RNEW.ZS,Renewable electricity output (% of total),15.9337877239389
IDN,Indonesia,2005,EG.ELC.RNEW.ZS,Renewable electricity output (% of total),17.7843235656204
IDN,Indonesia,2004,EG.ELC.RNEW.ZS,Renewable electricity output (% of total),17.4691460765793
IDN,Indonesia,2003,EG.ELC.RNEW.ZS,Renewable electricity output (% of total),17.5550392125622
IDN,Indonesia,2002,EG.ELC.RNEW.ZS,Renewable electricity output (% of total),19.4262454143064
IDN,Indonesia,2001,EG.ELC.RNEW.ZS,Renewable electricity output (% of total),21.9326940170265
IDN,Indonesia,2000,EG.ELC.RNEW.ZS,Renewable electricity output (% of total),21.0016394320922
IDN,Indonesia,2023,EN.GHG.CO2.PC.CE.AR5,CO2 emissions excluding LULUCF per capita (t CO2e/capita),2.74747187282401
IDN,Indonesia,2022,EN.GHG.CO2.PC.CE.AR5,CO2 emissions excluding LULUCF per capita (t CO2e/capita),2.5918955237502
IDN,Indonesia,2021,EN.GHG.CO2.PC.CE.AR5,CO2 emissions excluding LULUCF per capita (t CO2e/capita),2.24993200107532
IDN,Indonesia,2020,EN.GHG.CO2.PC.CE.AR5,CO2 emissions excluding LULUCF per capita (t CO2e/capita),2.16976580881181
IDN,Indonesia,2019,EN.GHG.CO2.PC.CE.AR5,CO2 emissions excluding LULUCF per capita (t CO2e/capita),2.33979466524606
IDN,Indonesia,2018,EN.GHG.CO2.PC.CE.AR5,CO2 emissions excluding LULUCF per capita (t CO2e/capita),2.20953925241911
IDN,Indonesia,2017,EN.GHG.CO2.PC.CE.AR5,CO2 emissions excluding LULUCF per capita (t CO2e/capita),2.00394276108737
IDN,Indonesia,2016,EN.GHG.CO2.PC.CE.AR5,CO2 emissions excluding LULUCF per capita (t CO2e/capita),1.91626591013332
IDN,Indonesia,2015,EN.GHG.CO2.PC.CE.AR5,CO2 emissions excluding LULUCF per capita (t CO2e/capita),1.95721455259026
IDN,Indonesia,2014,EN.GHG.CO2.PC.CE.AR5,CO2 emissions excluding LULUCF per capita (t CO2e/capita),1.95102470107868
IDN,Indonesia,2013,EN.GHG.CO2.PC.CE.AR5,CO2 emissions excluding LULUCF per capita (t CO2e/capita),1.85640226795234
IDN,Indonesia,2012,EN.GHG.CO2.PC.CE.AR5,CO2 emissions excluding LULUCF per capita (t CO2e/capita),1.9954892890649
IDN,Indonesia,2011,EN.GHG.CO2.PC.CE.AR5,CO2 emissions excluding LULUCF per capita (t CO2e/capita),2.00399300866727
IDN,Indonesia,2010,EN.GHG.CO2.PC.CE.AR5,CO2 emissions excluding LULUCF per capita (t CO2e/capita),1.80134962735397
IDN,Indonesia,2009,EN.GHG.CO2.PC.CE.AR5,CO2 emissions excluding LULUCF per capita (t CO2e/capita),1.69126327047376
IDN,Indonesia,2008,EN.GHG.CO2.PC.CE.AR5,CO2 emissions excluding LULUCF per capita (t CO2e/capita),1.6541425247205
IDN,Indonesia,2007,EN.GHG.CO2.PC.CE.AR5,CO2 emissions excluding LULUCF per capita (t CO2e/capita),1.69488500402322
IDN,Indonesia,2006,EN.GHG.CO2.PC.CE.AR5,CO2 emissions excluding LULUCF per capita (t CO2e/capita),1.63888306289882
IDN,Indonesia,2005,EN.GHG.CO2.PC.CE.AR5,CO2 emissions excluding LULUCF per capita (t CO2e/capita),1.57055662745946
IDN,Indonesia,2004,EN.GHG.CO2.PC.CE.AR5,CO2 emissions excluding LULUCF per capita (t CO2e/capita),1.58011931285841
IDN,Indonesia,2003,EN.GHG.CO2.PC.CE.AR5,CO2 emissions excluding LULUCF per capita (t CO2e/capita),1.57132250644049
IDN,Indonesia,2002,EN.GHG.CO2.PC.CE.AR5,CO2 emissions excluding LULUCF per capita (t CO2e/capita),1.46310550665851
IDN,Indonesia,2001,EN.GHG.CO2.PC.CE.AR5,CO2 emissions excluding LULUCF per capita (t CO2e/capita),1.45853518944239
IDN,Indonesia,2000,EN.GHG.CO2.PC.CE.AR5,CO2 emissions excluding LULUCF per capita (t CO2e/capita),1.38408579613851
KEN,Kenya,2023,EG.ELC.ACCS.ZS,Access to electricity (% of population),76.2
KEN,Kenya,2022,EG.ELC.ACCS.ZS,Access to electricity (% of population),76.0
KEN,Kenya,2021,EG.ELC.ACCS.ZS,Access to electricity (% of population),76.5
KEN,Kenya,2020,EG.ELC.ACCS.ZS,Access to electricity (% of population),71.5
KEN,Kenya,2019,EG.ELC.ACCS.ZS,Access to electricity (% of population),69.7
KEN,Kenya,2018,EG.ELC.ACCS.ZS,Access to electricity (% of population),61.2
KEN,Kenya,2017,EG.ELC.ACCS.ZS,Access to electricity (% of population),55.8
KEN,Kenya,2016,EG.ELC.ACCS.ZS,Access to electricity (% of population),53.1
KEN,Kenya,2015,EG.ELC.ACCS.ZS,Access to electricity (% of population),41.6
KEN,Kenya,2014,EG.ELC.ACCS.ZS,Access to electricity (% of population),36.0
KEN,Kenya,2013,EG.ELC.ACCS.ZS,Access to electricity (% of population),40.1
KEN,Kenya,2012,EG.ELC.ACCS.ZS,Access to electricity (% of population),38.1
KEN,Kenya,2011,EG.ELC.ACCS.ZS,Access to electricity (% of population),36.2
KEN,Kenya,2010,EG.ELC.ACCS.ZS,Access to electricity (% of population),19.2
KEN,Kenya,2009,EG.ELC.ACCS.ZS,Access to electricity (% of population),23.0
KEN,Kenya,2008,EG.ELC.ACCS.ZS,Access to electricity (% of population),30.3
KEN,Kenya,2007,EG.ELC.ACCS.ZS,Access to electricity (% of population),28.3
KEN,Kenya,2006,EG.ELC.ACCS.ZS,Access to electricity (% of population),26.4
KEN,Kenya,2005,EG.ELC.ACCS.ZS,Access to electricity (% of population),24.5
KEN,Kenya,2004,EG.ELC.ACCS.ZS,Access to electricity (% of population),22.6
KEN,Kenya,2003,EG.ELC.ACCS.ZS,Access to electricity (% of population),16.0
KEN,Kenya,2002,EG.ELC.ACCS.ZS,Access to electricity (% of population),18.9
KEN,Kenya,2001,EG.ELC.ACCS.ZS,Access to electricity (% of population),17.0
KEN,Kenya,2000,EG.ELC.ACCS.ZS,Access to electricity (% of population),15.2
KEN,Kenya,2023,EG.ELC.RNEW.ZS,Renewable electricity output (% of total),
KEN,Kenya,2022,EG.ELC.RNEW.ZS,Renewable electricity output (% of total),
KEN,Kenya,2021,EG.ELC.RNEW.ZS,Renewable electricity output (% of total),78.0821751777634
KEN,Kenya,2020,EG.ELC.RNEW.ZS,Renewable electricity output (% of total),83.1580658964484
KEN,Kenya,2019,EG.ELC.RNEW.ZS,Renewable electricity output (% of total),81.5853236413984
KEN,Kenya,2018,EG.ELC.RNEW.ZS,Renewable electricity output (% of total),79.3964402727353
KEN,Kenya,2017,EG.ELC.RNEW.ZS,Renewable electricity output (% of total),81.4669820428654
KEN,Kenya,2016,EG.ELC.RNEW.ZS,Renewable electricity output (% of total),83.5605809533093
KEN,Kenya,2015,EG.ELC.RNEW.ZS,Renewable electricity output (% of total),85.6406490705556
KEN,Kenya,2014,EG.ELC.RNEW.ZS,Renewable electricity output (% of total),77.1617567126862
KEN,Kenya,2013,EG.ELC.RNEW.ZS,Renewable electricity output (% of total),73.4667900948855
KEN,Kenya,2012,EG.ELC.RNEW.ZS,Renewable electricity output (% of total),72.6234173248088
KEN,Kenya,2011,EG.ELC.RNEW.ZS,Renewable electricity output (% of total),67.8164983164983
KEN,Kenya,2010,EG.ELC.RNEW.ZS,Renewable electricity output (% of total),62.7448651669694
KEN,Kenya,2009,EG.ELC.RNEW.ZS,Renewable electricity output (% of total),59.7118467933492
KEN,Kenya,2008,EG.ELC.RNEW.ZS,Renewable electricity output (% of total),67.1421664904064
KEN,Kenya,2007,EG.ELC.RNEW.ZS,Renewable electricity output (% of total),70.5604497150778
KEN,Kenya,2006,EG.ELC.RNEW.ZS,Renewable electricity output (% of total),71.1285525446134
KEN,Kenya,2005,EG.ELC.RNEW.ZS,Renewable electricity output (% of total),71.3124343257443
KEN,Kenya,2004,EG.ELC.RNEW.ZS,Renewable electricity output (% of total),76.1442739520958
KEN,Kenya,2003,EG.ELC.RNEW.ZS,Renewable electricity output (% of total),77.4454472523065
KEN,Kenya,2002,EG.ELC.RNEW.ZS,Renewable electricity output (% of total),70.3272688356164
KEN,Kenya,2001,EG.ELC.RNEW.ZS,Renewable electricity output (% of total),53.1642254771416
KEN,Kenya,2000,EG.ELC.RNEW.ZS,Renewable electricity output (% of total),59.0982298678634
KEN,Kenya,2023,EN.GHG.CO2.PC.CE.AR5,CO2 emissions excluding LULUCF per capita (t CO2e/capita),0.3843202596187
KEN,Kenya,2022,EN.GHG.CO2.PC.CE.AR5,CO2 emissions excluding LULUCF per capita (t CO2e/capita),0.405006512054817
KEN,Kenya,2021,EN.GHG.CO2.PC.CE.AR5,CO2 emissions excluding LULUCF per capita (t CO2e/capita),0.404281044163676
KEN,Kenya,2020,EN.GHG.CO2.PC.CE.AR5,CO2 emissions excluding LULUCF per capita (t CO2e/capita),0.367016056392308
KEN,Kenya,2019,EN.GHG.CO2.PC.CE.AR5,CO2 emissions excluding LULUCF per capita (t CO2e/capita),0.380387200105182
KEN,Kenya,2018,EN.GHG.CO2.PC.CE.AR5,CO2 emissions excluding LULUCF per capita (t CO2e/capita),0.381159185292234
KEN,Kenya,2017,EN.GHG.CO2.PC.CE.AR5,CO2 emissions excluding LULUCF per capita (t CO2e/capita),0.391204755110222
KEN,Kenya,2016,EN.GHG.CO2.PC.CE.AR5,CO2 emissions excluding LULUCF per capita (t CO2e/capita),0.384366853070731
KEN,Kenya,2015,EN.GHG.CO2.PC.CE.AR5,CO2 emissions excluding LULUCF per capita (t CO2e/capita),0.361032749251909
KEN,Kenya,2014,EN.GHG.CO2.PC.CE.AR5,CO2 emissions excluding LULUCF per capita (t CO2e/capita),0.341036024063525
KEN,Kenya,2013,EN.GHG.CO2.PC.CE.AR5,CO2 emissions excluding LULUCF per capita (t CO2e/capita),0.308839543589584
KEN,Kenya,2012,EN.GHG.CO2.PC.CE.AR5,CO2 emissions excluding LULUCF per capita (t CO2e/capita),0.293759364539568
KEN,Kenya,2011,EN.GHG.CO2.PC.CE.AR5,CO2 emissions excluding LULUCF per capita (t CO2e/capita),0.324518228099931
KEN,Kenya,2010,EN.GHG.CO2.PC.CE.AR5,CO2 emissions excluding LULUCF per capita (t CO2e/capita),0.324116934124197
KEN,Kenya,2009,EN.GHG.CO2.PC.CE.AR5,CO2 emissions excluding LULUCF per capita (t CO2e/capita),0.308699389943664
KEN,Kenya,2008,EN.GHG.CO2.PC.CE.AR5,CO2 emissions excluding LULUCF per capita (t CO2e/capita),0.269606829771024
KEN,Kenya,2007,EN.GHG.CO2.PC.CE.AR5,CO2 emissions excluding LULUCF per capita (t CO2e/capita),0.262922185302275
KEN,Kenya,2006,EN.GHG.CO2.PC.CE.AR5,CO2 emissions excluding LULUCF per capita (t CO2e/capita),0.270940760689191
KEN,Kenya,2005,EN.GHG.CO2.PC.CE.AR5,CO2 emissions excluding LULUCF per capita (t CO2e/capita),0.252147669028053
KEN,Kenya,2004,EN.GHG.CO2.PC.CE.AR5,CO2 emissions excluding LULUCF per capita (t CO2e/capita),0.231964810186713
KEN,Kenya,2003,EN.GHG.CO2.PC.CE.AR5,CO2 emissions excluding LULUCF per capita (t CO2e/capita),0.214880306718519
KEN,Kenya,2002,EN.GHG.CO2.PC.CE.AR5,CO2 emissions excluding LULUCF per capita (t CO2e/capita),0.245465741018151
KEN,Kenya,2001,EN.GHG.CO2.PC.CE.AR5,CO2 emissions excluding LULUCF per capita (t CO2e/capita),0.26100621869581
KEN,Kenya,2000,EN.GHG.CO2.PC.CE.AR5,CO2 emissions excluding LULUCF per capita (t CO2e/capita),0.290677543795641
